ID	PCR_type	clone	guide	file
B1_R1_P1_A2	indelPCR	clone5	LBR2	5927_BarcodePool_AAACATCG_B1_R1_P1_A2.fq.gz
B1_R1_P2_A2	indelPCR	clone5	LBR2	5927_BarcodePool_AAACATCG_B1_R1_P2_A2.fq.gz
B1_R1_P3_A2	indelPCR	clone5	LBR2	5927_BarcodePool_AAACATCG_B1_R1_P3_A2.fq.gz
B1_R1_P4_A2	indelPCR	clone5	LBR2	5927_BarcodePool_AAACATCG_B1_R1_P4_A2.fq.gz
B1_R1_P5_A2	indelPCR	clone5	LBR2	5927_BarcodePool_AAACATCG_B1_R1_P5_A2.fq.gz
B1_R1_P6_A2	indelPCR	clone5	LBR2	5927_BarcodePool_AAACATCG_B1_R1_P6_A2.fq.gz
B1_R1_P7_A2	indelPCR	clone5	LBR2	5927_BarcodePool_AAACATCG_B1_R1_P7_A2.fq.gz
B2_R1_P4_A2	indelPCR	clone5	LBR2	5927_BarcodePool_AAACATCG_B2_R1_P4_A2.fq.gz
B2_R3_P4_A2	indelPCR	clone5	LBR2	5927_BarcodePool_AAACATCG_B2_R3_P4_A2.fq.gz
B1_R1_P1_B1	indelPCR	clone5	LBR2	5927_BarcodePool_AACAACCA_B1_R1_P1_B1.fq.gz
B1_R1_P2_B1	indelPCR	clone5	LBR2	5927_BarcodePool_AACAACCA_B1_R1_P2_B1.fq.gz
B1_R1_P3_B1	indelPCR	clone5	LBR2	5927_BarcodePool_AACAACCA_B1_R1_P3_B1.fq.gz
B1_R1_P4_B1	indelPCR	clone5	LBR2	5927_BarcodePool_AACAACCA_B1_R1_P4_B1.fq.gz
B1_R1_P5_B1	indelPCR	clone5	LBR2	5927_BarcodePool_AACAACCA_B1_R1_P5_B1.fq.gz
B1_R1_P6_B1	indelPCR	clone5	LBR2	5927_BarcodePool_AACAACCA_B1_R1_P6_B1.fq.gz
B1_R1_P7_B1	indelPCR	clone5	LBR2	5927_BarcodePool_AACAACCA_B1_R1_P7_B1.fq.gz
B2_R1_P4_B1	indelPCR	clone5	LBR2	5927_BarcodePool_AACAACCA_B2_R1_P4_B1.fq.gz
B1_R1_P1_B2	indelPCR	clone5	LBR2	5927_BarcodePool_AACCGAGA_B1_R1_P1_B2.fq.gz
B1_R1_P2_B2	indelPCR	clone5	LBR2	5927_BarcodePool_AACCGAGA_B1_R1_P2_B2.fq.gz
B1_R1_P3_B2	indelPCR	clone5	LBR2	5927_BarcodePool_AACCGAGA_B1_R1_P3_B2.fq.gz
B1_R1_P4_B2	indelPCR	clone5	LBR2	5927_BarcodePool_AACCGAGA_B1_R1_P4_B2.fq.gz
B1_R1_P5_B2	indelPCR	clone5	LBR2	5927_BarcodePool_AACCGAGA_B1_R1_P5_B2.fq.gz
B1_R1_P6_B2	indelPCR	clone5	LBR2	5927_BarcodePool_AACCGAGA_B1_R1_P6_B2.fq.gz
B1_R1_P7_B2	indelPCR	clone5	LBR2	5927_BarcodePool_AACCGAGA_B1_R1_P7_B2.fq.gz
B2_R1_P4_B2	indelPCR	clone5	LBR2	5927_BarcodePool_AACCGAGA_B2_R1_P4_B2.fq.gz
B2_R3_P4_B2	indelPCR	clone5	LBR2	5927_BarcodePool_AACCGAGA_B2_R3_P4_B2.fq.gz
B1_R1_P1_B3	indelPCR	clone5	LBR2	5927_BarcodePool_AACGCTTA_B1_R1_P1_B3.fq.gz
B1_R1_P2_B3	indelPCR	clone5	LBR2	5927_BarcodePool_AACGCTTA_B1_R1_P2_B3.fq.gz
B1_R1_P3_B3	indelPCR	clone5	LBR2	5927_BarcodePool_AACGCTTA_B1_R1_P3_B3.fq.gz
B1_R1_P4_B3	indelPCR	clone5	LBR2	5927_BarcodePool_AACGCTTA_B1_R1_P4_B3.fq.gz
B1_R1_P5_B3	indelPCR	clone5	LBR2	5927_BarcodePool_AACGCTTA_B1_R1_P5_B3.fq.gz
B1_R1_P6_B3	indelPCR	clone5	LBR2	5927_BarcodePool_AACGCTTA_B1_R1_P6_B3.fq.gz
B1_R1_P7_B3	indelPCR	clone5	LBR2	5927_BarcodePool_AACGCTTA_B1_R1_P7_B3.fq.gz
B2_R1_P4_B3	indelPCR	clone5	LBR2	5927_BarcodePool_AACGCTTA_B2_R1_P4_B3.fq.gz
B1_R1_P1_A5	indelPCR	clone5	LBR2	5927_BarcodePool_AACGTGAT_B1_R1_P1_A5.fq.gz
B1_R1_P2_A5	indelPCR	clone5	LBR2	5927_BarcodePool_AACGTGAT_B1_R1_P2_A5.fq.gz
B1_R1_P3_A5	indelPCR	clone5	LBR2	5927_BarcodePool_AACGTGAT_B1_R1_P3_A5.fq.gz
B1_R1_P4_A5	indelPCR	clone5	LBR2	5927_BarcodePool_AACGTGAT_B1_R1_P4_A5.fq.gz
B1_R1_P5_A5	indelPCR	clone5	LBR2	5927_BarcodePool_AACGTGAT_B1_R1_P5_A5.fq.gz
B1_R1_P6_A5	indelPCR	clone5	LBR2	5927_BarcodePool_AACGTGAT_B1_R1_P6_A5.fq.gz
B1_R1_P7_A5	indelPCR	clone5	LBR2	5927_BarcodePool_AACGTGAT_B1_R1_P7_A5.fq.gz
B2_R1_P4_A5	indelPCR	clone5	LBR2	5927_BarcodePool_AACGTGAT_B2_R1_P4_A5.fq.gz
B2_R3_P4_A5	indelPCR	clone5	LBR2	5927_BarcodePool_AACGTGAT_B2_R3_P4_A5.fq.gz
B1_R1_P1_F9	indelPCR	clone5	LBR2	5927_BarcodePool_AACTCACC_B1_R1_P1_F9.fq.gz
B1_R1_P2_F9	indelPCR	clone5	LBR2	5927_BarcodePool_AACTCACC_B1_R1_P2_F9.fq.gz
B1_R1_P3_F9	indelPCR	clone5	LBR2	5927_BarcodePool_AACTCACC_B1_R1_P3_F9.fq.gz
B1_R1_P4_F9	indelPCR	clone5	LBR2	5927_BarcodePool_AACTCACC_B1_R1_P4_F9.fq.gz
B1_R1_P5_F9	indelPCR	clone5	LBR2	5927_BarcodePool_AACTCACC_B1_R1_P5_F9.fq.gz
B1_R1_P6_F9	indelPCR	clone5	LBR2	5927_BarcodePool_AACTCACC_B1_R1_P6_F9.fq.gz
B1_R1_P7_F9	indelPCR	clone5	LBR2	5927_BarcodePool_AACTCACC_B1_R1_P7_F9.fq.gz
B2_R1_P4_F9	indelPCR	clone5	LBR2	5927_BarcodePool_AACTCACC_B2_R1_P4_F9.fq.gz
B1_R1_P1_B4	indelPCR	clone5	LBR2	5927_BarcodePool_AAGACGGA_B1_R1_P1_B4.fq.gz
B1_R1_P2_B4	indelPCR	clone5	LBR2	5927_BarcodePool_AAGACGGA_B1_R1_P2_B4.fq.gz
B1_R1_P3_B4	indelPCR	clone5	LBR2	5927_BarcodePool_AAGACGGA_B1_R1_P3_B4.fq.gz
B1_R1_P4_B4	indelPCR	clone5	LBR2	5927_BarcodePool_AAGACGGA_B1_R1_P4_B4.fq.gz
B1_R1_P6_B4	indelPCR	clone5	LBR2	5927_BarcodePool_AAGACGGA_B1_R1_P6_B4.fq.gz
B1_R1_P7_B4	indelPCR	clone5	LBR2	5927_BarcodePool_AAGACGGA_B1_R1_P7_B4.fq.gz
B2_R1_P4_B4	indelPCR	clone5	LBR2	5927_BarcodePool_AAGACGGA_B2_R1_P4_B4.fq.gz
B2_R3_P4_B4	indelPCR	clone5	LBR2	5927_BarcodePool_AAGACGGA_B2_R3_P4_B4.fq.gz
B1_R1_P1_F10	indelPCR	clone5	LBR2	5927_BarcodePool_AAGAGATC_B1_R1_P1_F10.fq.gz
B1_R1_P2_F10	indelPCR	clone5	LBR2	5927_BarcodePool_AAGAGATC_B1_R1_P2_F10.fq.gz
B1_R1_P3_F10	indelPCR	clone5	LBR2	5927_BarcodePool_AAGAGATC_B1_R1_P3_F10.fq.gz
B1_R1_P4_F10	indelPCR	clone5	LBR2	5927_BarcodePool_AAGAGATC_B1_R1_P4_F10.fq.gz
B1_R1_P5_F10	indelPCR	clone5	LBR2	5927_BarcodePool_AAGAGATC_B1_R1_P5_F10.fq.gz
B1_R1_P6_F10	indelPCR	clone5	LBR2	5927_BarcodePool_AAGAGATC_B1_R1_P6_F10.fq.gz
B1_R1_P7_F10	indelPCR	clone5	LBR2	5927_BarcodePool_AAGAGATC_B1_R1_P7_F10.fq.gz
B1_R1_P1_F11	indelPCR	clone5	LBR2	5927_BarcodePool_AAGGACAC_B1_R1_P1_F11.fq.gz
B1_R1_P2_F11	indelPCR	clone5	LBR2	5927_BarcodePool_AAGGACAC_B1_R1_P2_F11.fq.gz
B1_R1_P3_F11	indelPCR	clone5	LBR2	5927_BarcodePool_AAGGACAC_B1_R1_P3_F11.fq.gz
B1_R1_P4_F11	indelPCR	clone5	LBR2	5927_BarcodePool_AAGGACAC_B1_R1_P4_F11.fq.gz
B1_R1_P5_F11	indelPCR	clone5	LBR2	5927_BarcodePool_AAGGACAC_B1_R1_P5_F11.fq.gz
B1_R1_P6_F11	indelPCR	clone5	LBR2	5927_BarcodePool_AAGGACAC_B1_R1_P6_F11.fq.gz
B1_R1_P7_F11	indelPCR	clone5	LBR2	5927_BarcodePool_AAGGACAC_B1_R1_P7_F11.fq.gz
B2_R1_P4_F11	indelPCR	clone5	LBR2	5927_BarcodePool_AAGGACAC_B2_R1_P4_F11.fq.gz
B1_R1_P1_B5	indelPCR	clone5	LBR2	5927_BarcodePool_AAGGTACA_B1_R1_P1_B5.fq.gz
B1_R1_P2_B5	indelPCR	clone5	LBR2	5927_BarcodePool_AAGGTACA_B1_R1_P2_B5.fq.gz
B1_R1_P3_B5	indelPCR	clone5	LBR2	5927_BarcodePool_AAGGTACA_B1_R1_P3_B5.fq.gz
B1_R1_P4_B5	indelPCR	clone5	LBR2	5927_BarcodePool_AAGGTACA_B1_R1_P4_B5.fq.gz
B1_R1_P5_B5	indelPCR	clone5	LBR2	5927_BarcodePool_AAGGTACA_B1_R1_P5_B5.fq.gz
B1_R1_P6_B5	indelPCR	clone5	LBR2	5927_BarcodePool_AAGGTACA_B1_R1_P6_B5.fq.gz
B1_R1_P7_B5	indelPCR	clone5	LBR2	5927_BarcodePool_AAGGTACA_B1_R1_P7_B5.fq.gz
B2_R1_P4_B5	indelPCR	clone5	LBR2	5927_BarcodePool_AAGGTACA_B2_R1_P4_B5.fq.gz
B2_R3_P4_B5	indelPCR	clone5	LBR2	5927_BarcodePool_AAGGTACA_B2_R3_P4_B5.fq.gz
B1_R1_P1_F12	indelPCR	clone5	LBR2	5927_BarcodePool_AATCCGTC_B1_R1_P1_F12.fq.gz
B1_R1_P2_F12	indelPCR	clone5	LBR2	5927_BarcodePool_AATCCGTC_B1_R1_P2_F12.fq.gz
B1_R1_P3_F12	indelPCR	clone5	LBR2	5927_BarcodePool_AATCCGTC_B1_R1_P3_F12.fq.gz
B1_R1_P4_F12	indelPCR	clone5	LBR2	5927_BarcodePool_AATCCGTC_B1_R1_P4_F12.fq.gz
B1_R1_P5_F12	indelPCR	clone5	LBR2	5927_BarcodePool_AATCCGTC_B1_R1_P5_F12.fq.gz
B1_R1_P6_F12	indelPCR	clone5	LBR2	5927_BarcodePool_AATCCGTC_B1_R1_P6_F12.fq.gz
B1_R1_P7_F12	indelPCR	clone5	LBR2	5927_BarcodePool_AATCCGTC_B1_R1_P7_F12.fq.gz
B1_R1_P1_G1	indelPCR	clone5	LBR2	5927_BarcodePool_AATGTTGC_B1_R1_P1_G1.fq.gz
B1_R1_P2_G1	indelPCR	clone5	LBR2	5927_BarcodePool_AATGTTGC_B1_R1_P2_G1.fq.gz
B1_R1_P3_G1	indelPCR	clone5	LBR2	5927_BarcodePool_AATGTTGC_B1_R1_P3_G1.fq.gz
B1_R1_P4_G1	indelPCR	clone5	LBR2	5927_BarcodePool_AATGTTGC_B1_R1_P4_G1.fq.gz
B1_R1_P5_G1	indelPCR	clone5	LBR2	5927_BarcodePool_AATGTTGC_B1_R1_P5_G1.fq.gz
B1_R1_P6_G1	indelPCR	clone5	LBR2	5927_BarcodePool_AATGTTGC_B1_R1_P6_G1.fq.gz
B1_R1_P7_G1	indelPCR	clone5	LBR2	5927_BarcodePool_AATGTTGC_B1_R1_P7_G1.fq.gz
B2_R1_P4_G1	indelPCR	clone5	LBR2	5927_BarcodePool_AATGTTGC_B2_R1_P4_G1.fq.gz
B1_R1_P1_A1	indelPCR	clone5	LBR2	5927_BarcodePool_ACAAGCTA_B1_R1_P1_A1.fq.gz
B1_R1_P2_A1	indelPCR	clone5	LBR2	5927_BarcodePool_ACAAGCTA_B1_R1_P2_A1.fq.gz
B1_R1_P3_A1	indelPCR	clone5	LBR2	5927_BarcodePool_ACAAGCTA_B1_R1_P3_A1.fq.gz
B1_R1_P4_A1	indelPCR	clone5	LBR2	5927_BarcodePool_ACAAGCTA_B1_R1_P4_A1.fq.gz
B1_R1_P5_A1	indelPCR	clone5	LBR2	5927_BarcodePool_ACAAGCTA_B1_R1_P5_A1.fq.gz
B1_R1_P6_A1	indelPCR	clone5	LBR2	5927_BarcodePool_ACAAGCTA_B1_R1_P6_A1.fq.gz
B1_R1_P7_A1	indelPCR	clone5	LBR2	5927_BarcodePool_ACAAGCTA_B1_R1_P7_A1.fq.gz
B2_R1_P4_A1	indelPCR	clone5	LBR2	5927_BarcodePool_ACAAGCTA_B2_R1_P4_A1.fq.gz
B2_R3_P4_A1	indelPCR	clone5	LBR2	5927_BarcodePool_ACAAGCTA_B2_R3_P4_A1.fq.gz
B1_R1_P1_B6	indelPCR	clone5	LBR2	5927_BarcodePool_ACACAGAA_B1_R1_P1_B6.fq.gz
B1_R1_P2_B6	indelPCR	clone5	LBR2	5927_BarcodePool_ACACAGAA_B1_R1_P2_B6.fq.gz
B1_R1_P3_B6	indelPCR	clone5	LBR2	5927_BarcodePool_ACACAGAA_B1_R1_P3_B6.fq.gz
B1_R1_P4_B6	indelPCR	clone5	LBR2	5927_BarcodePool_ACACAGAA_B1_R1_P4_B6.fq.gz
B1_R1_P5_B6	indelPCR	clone5	LBR2	5927_BarcodePool_ACACAGAA_B1_R1_P5_B6.fq.gz
B1_R1_P6_B6	indelPCR	clone5	LBR2	5927_BarcodePool_ACACAGAA_B1_R1_P6_B6.fq.gz
B1_R1_P7_B6	indelPCR	clone5	LBR2	5927_BarcodePool_ACACAGAA_B1_R1_P7_B6.fq.gz
B2_R1_P4_B6	indelPCR	clone5	LBR2	5927_BarcodePool_ACACAGAA_B2_R1_P4_B6.fq.gz
B2_R3_P4_B6	indelPCR	clone5	LBR2	5927_BarcodePool_ACACAGAA_B2_R3_P4_B6.fq.gz
B1_R1_P1_G2	indelPCR	clone5	LBR2	5927_BarcodePool_ACACGACC_B1_R1_P1_G2.fq.gz
B1_R1_P2_G2	indelPCR	clone5	LBR2	5927_BarcodePool_ACACGACC_B1_R1_P2_G2.fq.gz
B1_R1_P3_G2	indelPCR	clone5	LBR2	5927_BarcodePool_ACACGACC_B1_R1_P3_G2.fq.gz
B1_R1_P4_G2	indelPCR	clone5	LBR2	5927_BarcodePool_ACACGACC_B1_R1_P4_G2.fq.gz
B1_R1_P5_G2	indelPCR	clone5	LBR2	5927_BarcodePool_ACACGACC_B1_R1_P5_G2.fq.gz
B1_R1_P6_G2	indelPCR	clone5	LBR2	5927_BarcodePool_ACACGACC_B1_R1_P6_G2.fq.gz
B1_R1_P7_G2	indelPCR	clone5	LBR2	5927_BarcodePool_ACACGACC_B1_R1_P7_G2.fq.gz
B2_R1_P4_G2	indelPCR	clone5	LBR2	5927_BarcodePool_ACACGACC_B2_R1_P4_G2.fq.gz
B2_R3_P4_G2	indelPCR	clone5	LBR2	5927_BarcodePool_ACACGACC_B2_R3_P4_G2.fq.gz
B1_R1_P1_G3	indelPCR	clone5	LBR2	5927_BarcodePool_ACAGATTC_B1_R1_P1_G3.fq.gz
B1_R1_P2_G3	indelPCR	clone5	LBR2	5927_BarcodePool_ACAGATTC_B1_R1_P2_G3.fq.gz
B1_R1_P3_G3	indelPCR	clone5	LBR2	5927_BarcodePool_ACAGATTC_B1_R1_P3_G3.fq.gz
B1_R1_P4_G3	indelPCR	clone5	LBR2	5927_BarcodePool_ACAGATTC_B1_R1_P4_G3.fq.gz
B1_R1_P5_G3	indelPCR	clone5	LBR2	5927_BarcodePool_ACAGATTC_B1_R1_P5_G3.fq.gz
B1_R1_P6_G3	indelPCR	clone5	LBR2	5927_BarcodePool_ACAGATTC_B1_R1_P6_G3.fq.gz
B1_R1_P7_G3	indelPCR	clone5	LBR2	5927_BarcodePool_ACAGATTC_B1_R1_P7_G3.fq.gz
B2_R1_P4_G3	indelPCR	clone5	LBR2	5927_BarcodePool_ACAGATTC_B2_R1_P4_G3.fq.gz
B2_R3_P4_G3	indelPCR	clone5	LBR2	5927_BarcodePool_ACAGATTC_B2_R3_P4_G3.fq.gz
B1_R1_P1_B7	indelPCR	clone5	LBR2	5927_BarcodePool_ACAGCAGA_B1_R1_P1_B7.fq.gz
B1_R1_P2_B7	indelPCR	clone5	LBR2	5927_BarcodePool_ACAGCAGA_B1_R1_P2_B7.fq.gz
B1_R1_P3_B7	indelPCR	clone5	LBR2	5927_BarcodePool_ACAGCAGA_B1_R1_P3_B7.fq.gz
B1_R1_P4_B7	indelPCR	clone5	LBR2	5927_BarcodePool_ACAGCAGA_B1_R1_P4_B7.fq.gz
B1_R1_P5_B7	indelPCR	clone5	LBR2	5927_BarcodePool_ACAGCAGA_B1_R1_P5_B7.fq.gz
B1_R1_P6_B7	indelPCR	clone5	LBR2	5927_BarcodePool_ACAGCAGA_B1_R1_P6_B7.fq.gz
B1_R1_P7_B7	indelPCR	clone5	LBR2	5927_BarcodePool_ACAGCAGA_B1_R1_P7_B7.fq.gz
B2_R1_P4_B7	indelPCR	clone5	LBR2	5927_BarcodePool_ACAGCAGA_B2_R1_P4_B7.fq.gz
B2_R3_P4_B7	indelPCR	clone5	LBR2	5927_BarcodePool_ACAGCAGA_B2_R3_P4_B7.fq.gz
B1_R1_P1_A3	indelPCR	clone5	LBR2	5927_BarcodePool_ACATTGGC_B1_R1_P1_A3.fq.gz
B1_R1_P2_A3	indelPCR	clone5	LBR2	5927_BarcodePool_ACATTGGC_B1_R1_P2_A3.fq.gz
B1_R1_P3_A3	indelPCR	clone5	LBR2	5927_BarcodePool_ACATTGGC_B1_R1_P3_A3.fq.gz
B1_R1_P4_A3	indelPCR	clone5	LBR2	5927_BarcodePool_ACATTGGC_B1_R1_P4_A3.fq.gz
B1_R1_P5_A3	indelPCR	clone5	LBR2	5927_BarcodePool_ACATTGGC_B1_R1_P5_A3.fq.gz
B1_R1_P6_A3	indelPCR	clone5	LBR2	5927_BarcodePool_ACATTGGC_B1_R1_P6_A3.fq.gz
B1_R1_P7_A3	indelPCR	clone5	LBR2	5927_BarcodePool_ACATTGGC_B1_R1_P7_A3.fq.gz
B2_R1_P4_A3	indelPCR	clone5	LBR2	5927_BarcodePool_ACATTGGC_B2_R1_P4_A3.fq.gz
B2_R3_P4_A3	indelPCR	clone5	LBR2	5927_BarcodePool_ACATTGGC_B2_R3_P4_A3.fq.gz
B1_R1_P1_A4	indelPCR	clone5	LBR2	5927_BarcodePool_ACCACTGT_B1_R1_P1_A4.fq.gz
B1_R1_P2_A4	indelPCR	clone5	LBR2	5927_BarcodePool_ACCACTGT_B1_R1_P2_A4.fq.gz
B1_R1_P3_A4	indelPCR	clone5	LBR2	5927_BarcodePool_ACCACTGT_B1_R1_P3_A4.fq.gz
B1_R1_P4_A4	indelPCR	clone5	LBR2	5927_BarcodePool_ACCACTGT_B1_R1_P4_A4.fq.gz
B1_R1_P6_A4	indelPCR	clone5	LBR2	5927_BarcodePool_ACCACTGT_B1_R1_P6_A4.fq.gz
B1_R1_P7_A4	indelPCR	clone5	LBR2	5927_BarcodePool_ACCACTGT_B1_R1_P7_A4.fq.gz
B2_R1_P4_A4	indelPCR	clone5	LBR2	5927_BarcodePool_ACCACTGT_B2_R1_P4_A4.fq.gz
B2_R3_P4_A4	indelPCR	clone5	LBR2	5927_BarcodePool_ACCACTGT_B2_R3_P4_A4.fq.gz
B1_R1_P1_B8	indelPCR	clone5	LBR2	5927_BarcodePool_ACCTCCAA_B1_R1_P1_B8.fq.gz
B1_R1_P2_B8	indelPCR	clone5	LBR2	5927_BarcodePool_ACCTCCAA_B1_R1_P2_B8.fq.gz
B1_R1_P3_B8	indelPCR	clone5	LBR2	5927_BarcodePool_ACCTCCAA_B1_R1_P3_B8.fq.gz
B1_R1_P4_B8	indelPCR	clone5	LBR2	5927_BarcodePool_ACCTCCAA_B1_R1_P4_B8.fq.gz
B1_R1_P5_B8	indelPCR	clone5	LBR2	5927_BarcodePool_ACCTCCAA_B1_R1_P5_B8.fq.gz
B1_R1_P6_B8	indelPCR	clone5	LBR2	5927_BarcodePool_ACCTCCAA_B1_R1_P6_B8.fq.gz
B1_R1_P7_B8	indelPCR	clone5	LBR2	5927_BarcodePool_ACCTCCAA_B1_R1_P7_B8.fq.gz
B2_R1_P4_B8	indelPCR	clone5	LBR2	5927_BarcodePool_ACCTCCAA_B2_R1_P4_B8.fq.gz
B2_R3_P4_B8	indelPCR	clone5	LBR2	5927_BarcodePool_ACCTCCAA_B2_R3_P4_B8.fq.gz
B1_R1_P1_B9	indelPCR	clone5	LBR2	5927_BarcodePool_ACGCTCGA_B1_R1_P1_B9.fq.gz
B1_R1_P2_B9	indelPCR	clone5	LBR2	5927_BarcodePool_ACGCTCGA_B1_R1_P2_B9.fq.gz
B1_R1_P3_B9	indelPCR	clone5	LBR2	5927_BarcodePool_ACGCTCGA_B1_R1_P3_B9.fq.gz
B1_R1_P4_B9	indelPCR	clone5	LBR2	5927_BarcodePool_ACGCTCGA_B1_R1_P4_B9.fq.gz
B1_R1_P5_B9	indelPCR	clone5	LBR2	5927_BarcodePool_ACGCTCGA_B1_R1_P5_B9.fq.gz
B1_R1_P6_B9	indelPCR	clone5	LBR2	5927_BarcodePool_ACGCTCGA_B1_R1_P6_B9.fq.gz
B1_R1_P7_B9	indelPCR	clone5	LBR2	5927_BarcodePool_ACGCTCGA_B1_R1_P7_B9.fq.gz
B2_R1_P4_B9	indelPCR	clone5	LBR2	5927_BarcodePool_ACGCTCGA_B2_R1_P4_B9.fq.gz
B2_R3_P4_B9	indelPCR	clone5	LBR2	5927_BarcodePool_ACGCTCGA_B2_R3_P4_B9.fq.gz
B1_R1_P1_B10	indelPCR	clone5	LBR2	5927_BarcodePool_ACGTATCA_B1_R1_P1_B10.fq.gz
B1_R1_P2_B10	indelPCR	clone5	LBR2	5927_BarcodePool_ACGTATCA_B1_R1_P2_B10.fq.gz
B1_R1_P3_B10	indelPCR	clone5	LBR2	5927_BarcodePool_ACGTATCA_B1_R1_P3_B10.fq.gz
B1_R1_P4_B10	indelPCR	clone5	LBR2	5927_BarcodePool_ACGTATCA_B1_R1_P4_B10.fq.gz
B1_R1_P5_B10	indelPCR	clone5	LBR2	5927_BarcodePool_ACGTATCA_B1_R1_P5_B10.fq.gz
B1_R1_P6_B10	indelPCR	clone5	LBR2	5927_BarcodePool_ACGTATCA_B1_R1_P6_B10.fq.gz
B1_R1_P7_B10	indelPCR	clone5	LBR2	5927_BarcodePool_ACGTATCA_B1_R1_P7_B10.fq.gz
B2_R1_P4_B10	indelPCR	clone5	LBR2	5927_BarcodePool_ACGTATCA_B2_R1_P4_B10.fq.gz
B2_R3_P4_B10	indelPCR	clone5	LBR2	5927_BarcodePool_ACGTATCA_B2_R3_P4_B10.fq.gz
B1_R1_P1_B11	indelPCR	clone5	LBR2	5927_BarcodePool_ACTATGCA_B1_R1_P1_B11.fq.gz
B1_R1_P2_B11	indelPCR	clone5	LBR2	5927_BarcodePool_ACTATGCA_B1_R1_P2_B11.fq.gz
B1_R1_P3_B11	indelPCR	clone5	LBR2	5927_BarcodePool_ACTATGCA_B1_R1_P3_B11.fq.gz
B1_R1_P4_B11	indelPCR	clone5	LBR2	5927_BarcodePool_ACTATGCA_B1_R1_P4_B11.fq.gz
B1_R1_P5_B11	indelPCR	clone5	LBR2	5927_BarcodePool_ACTATGCA_B1_R1_P5_B11.fq.gz
B1_R1_P6_B11	indelPCR	clone5	LBR2	5927_BarcodePool_ACTATGCA_B1_R1_P6_B11.fq.gz
B1_R1_P7_B11	indelPCR	clone5	LBR2	5927_BarcodePool_ACTATGCA_B1_R1_P7_B11.fq.gz
B2_R3_P4_B11	indelPCR	clone5	LBR2	5927_BarcodePool_ACTATGCA_B2_R3_P4_B11.fq.gz
B1_R1_P1_B12	indelPCR	clone5	LBR2	5927_BarcodePool_AGAGTCAA_B1_R1_P1_B12.fq.gz
B1_R1_P2_B12	indelPCR	clone5	LBR2	5927_BarcodePool_AGAGTCAA_B1_R1_P2_B12.fq.gz
B1_R1_P3_B12	indelPCR	clone5	LBR2	5927_BarcodePool_AGAGTCAA_B1_R1_P3_B12.fq.gz
B1_R1_P4_B12	indelPCR	clone5	LBR2	5927_BarcodePool_AGAGTCAA_B1_R1_P4_B12.fq.gz
B1_R1_P5_B12	indelPCR	clone5	LBR2	5927_BarcodePool_AGAGTCAA_B1_R1_P5_B12.fq.gz
B1_R1_P6_B12	indelPCR	clone5	LBR2	5927_BarcodePool_AGAGTCAA_B1_R1_P6_B12.fq.gz
B1_R1_P7_B12	indelPCR	clone5	LBR2	5927_BarcodePool_AGAGTCAA_B1_R1_P7_B12.fq.gz
B2_R1_P4_B12	indelPCR	clone5	LBR2	5927_BarcodePool_AGAGTCAA_B2_R1_P4_B12.fq.gz
B2_R3_P4_B12	indelPCR	clone5	LBR2	5927_BarcodePool_AGAGTCAA_B2_R3_P4_B12.fq.gz
B1_R1_P1_C1	indelPCR	clone5	LBR2	5927_BarcodePool_AGATCGCA_B1_R1_P1_C1.fq.gz
B1_R1_P2_C1	indelPCR	clone5	LBR2	5927_BarcodePool_AGATCGCA_B1_R1_P2_C1.fq.gz
B1_R1_P3_C1	indelPCR	clone5	LBR2	5927_BarcodePool_AGATCGCA_B1_R1_P3_C1.fq.gz
B1_R1_P4_C1	indelPCR	clone5	LBR2	5927_BarcodePool_AGATCGCA_B1_R1_P4_C1.fq.gz
B1_R1_P5_C1	indelPCR	clone5	LBR2	5927_BarcodePool_AGATCGCA_B1_R1_P5_C1.fq.gz
B1_R1_P6_C1	indelPCR	clone5	LBR2	5927_BarcodePool_AGATCGCA_B1_R1_P6_C1.fq.gz
B1_R1_P7_C1	indelPCR	clone5	LBR2	5927_BarcodePool_AGATCGCA_B1_R1_P7_C1.fq.gz
B2_R1_P4_C1	indelPCR	clone5	LBR2	5927_BarcodePool_AGATCGCA_B2_R1_P4_C1.fq.gz
B2_R3_P4_C1	indelPCR	clone5	LBR2	5927_BarcodePool_AGATCGCA_B2_R3_P4_C1.fq.gz
B1_R1_P1_G4	indelPCR	clone5	LBR2	5927_BarcodePool_AGATGTAC_B1_R1_P1_G4.fq.gz
B1_R1_P2_G4	indelPCR	clone5	LBR2	5927_BarcodePool_AGATGTAC_B1_R1_P2_G4.fq.gz
B1_R1_P3_G4	indelPCR	clone5	LBR2	5927_BarcodePool_AGATGTAC_B1_R1_P3_G4.fq.gz
B1_R1_P4_G4	indelPCR	clone5	LBR2	5927_BarcodePool_AGATGTAC_B1_R1_P4_G4.fq.gz
B1_R1_P6_G4	indelPCR	clone5	LBR2	5927_BarcodePool_AGATGTAC_B1_R1_P6_G4.fq.gz
B1_R1_P7_G4	indelPCR	clone5	LBR2	5927_BarcodePool_AGATGTAC_B1_R1_P7_G4.fq.gz
B2_R1_P4_G4	indelPCR	clone5	LBR2	5927_BarcodePool_AGATGTAC_B2_R1_P4_G4.fq.gz
B1_R1_P1_G5	indelPCR	clone5	LBR2	5927_BarcodePool_AGCACCTC_B1_R1_P1_G5.fq.gz
B1_R1_P2_G5	indelPCR	clone5	LBR2	5927_BarcodePool_AGCACCTC_B1_R1_P2_G5.fq.gz
B1_R1_P3_G5	indelPCR	clone5	LBR2	5927_BarcodePool_AGCACCTC_B1_R1_P3_G5.fq.gz
B1_R1_P4_G5	indelPCR	clone5	LBR2	5927_BarcodePool_AGCACCTC_B1_R1_P4_G5.fq.gz
B1_R1_P5_G5	indelPCR	clone5	LBR2	5927_BarcodePool_AGCACCTC_B1_R1_P5_G5.fq.gz
B1_R1_P6_G5	indelPCR	clone5	LBR2	5927_BarcodePool_AGCACCTC_B1_R1_P6_G5.fq.gz
B1_R1_P7_G5	indelPCR	clone5	LBR2	5927_BarcodePool_AGCACCTC_B1_R1_P7_G5.fq.gz
B1_R1_P1_C2	indelPCR	clone5	LBR2	5927_BarcodePool_AGCAGGAA_B1_R1_P1_C2.fq.gz
B1_R1_P2_C2	indelPCR	clone5	LBR2	5927_BarcodePool_AGCAGGAA_B1_R1_P2_C2.fq.gz
B1_R1_P3_C2	indelPCR	clone5	LBR2	5927_BarcodePool_AGCAGGAA_B1_R1_P3_C2.fq.gz
B1_R1_P4_C2	indelPCR	clone5	LBR2	5927_BarcodePool_AGCAGGAA_B1_R1_P4_C2.fq.gz
B1_R1_P5_C2	indelPCR	clone5	LBR2	5927_BarcodePool_AGCAGGAA_B1_R1_P5_C2.fq.gz
B1_R1_P6_C2	indelPCR	clone5	LBR2	5927_BarcodePool_AGCAGGAA_B1_R1_P6_C2.fq.gz
B1_R1_P7_C2	indelPCR	clone5	LBR2	5927_BarcodePool_AGCAGGAA_B1_R1_P7_C2.fq.gz
B2_R1_P4_C2	indelPCR	clone5	LBR2	5927_BarcodePool_AGCAGGAA_B2_R1_P4_C2.fq.gz
B2_R3_P4_C2	indelPCR	clone5	LBR2	5927_BarcodePool_AGCAGGAA_B2_R3_P4_C2.fq.gz
B1_R1_P1_G6	indelPCR	clone5	LBR2	5927_BarcodePool_AGCCATGC_B1_R1_P1_G6.fq.gz
B1_R1_P2_G6	indelPCR	clone5	LBR2	5927_BarcodePool_AGCCATGC_B1_R1_P2_G6.fq.gz
B1_R1_P3_G6	indelPCR	clone5	LBR2	5927_BarcodePool_AGCCATGC_B1_R1_P3_G6.fq.gz
B1_R1_P4_G6	indelPCR	clone5	LBR2	5927_BarcodePool_AGCCATGC_B1_R1_P4_G6.fq.gz
B1_R1_P5_G6	indelPCR	clone5	LBR2	5927_BarcodePool_AGCCATGC_B1_R1_P5_G6.fq.gz
B1_R1_P6_G6	indelPCR	clone5	LBR2	5927_BarcodePool_AGCCATGC_B1_R1_P6_G6.fq.gz
B1_R1_P7_G6	indelPCR	clone5	LBR2	5927_BarcodePool_AGCCATGC_B1_R1_P7_G6.fq.gz
B2_R1_P4_G6	indelPCR	clone5	LBR2	5927_BarcodePool_AGCCATGC_B2_R1_P4_G6.fq.gz
B2_R3_P4_G6	indelPCR	clone5	LBR2	5927_BarcodePool_AGCCATGC_B2_R3_P4_G6.fq.gz
B1_R1_P1_G7	indelPCR	clone5	LBR2	5927_BarcodePool_AGGCTAAC_B1_R1_P1_G7.fq.gz
B1_R1_P2_G7	indelPCR	clone5	LBR2	5927_BarcodePool_AGGCTAAC_B1_R1_P2_G7.fq.gz
B1_R1_P3_G7	indelPCR	clone5	LBR2	5927_BarcodePool_AGGCTAAC_B1_R1_P3_G7.fq.gz
B1_R1_P4_G7	indelPCR	clone5	LBR2	5927_BarcodePool_AGGCTAAC_B1_R1_P4_G7.fq.gz
B1_R1_P5_G7	indelPCR	clone5	LBR2	5927_BarcodePool_AGGCTAAC_B1_R1_P5_G7.fq.gz
B1_R1_P6_G7	indelPCR	clone5	LBR2	5927_BarcodePool_AGGCTAAC_B1_R1_P6_G7.fq.gz
B1_R1_P7_G7	indelPCR	clone5	LBR2	5927_BarcodePool_AGGCTAAC_B1_R1_P7_G7.fq.gz
B2_R3_P4_G7	indelPCR	clone5	LBR2	5927_BarcodePool_AGGCTAAC_B2_R3_P4_G7.fq.gz
B1_R1_P1_A10	indelPCR	clone5	LBR2	5927_BarcodePool_AGTACAAG_B1_R1_P1_A10.fq.gz
B1_R1_P2_A10	indelPCR	clone5	LBR2	5927_BarcodePool_AGTACAAG_B1_R1_P2_A10.fq.gz
B1_R1_P3_A10	indelPCR	clone5	LBR2	5927_BarcodePool_AGTACAAG_B1_R1_P3_A10.fq.gz
B1_R1_P4_A10	indelPCR	clone5	LBR2	5927_BarcodePool_AGTACAAG_B1_R1_P4_A10.fq.gz
B1_R1_P5_A10	indelPCR	clone5	LBR2	5927_BarcodePool_AGTACAAG_B1_R1_P5_A10.fq.gz
B1_R1_P6_A10	indelPCR	clone5	LBR2	5927_BarcodePool_AGTACAAG_B1_R1_P6_A10.fq.gz
B1_R1_P7_A10	indelPCR	clone5	LBR2	5927_BarcodePool_AGTACAAG_B1_R1_P7_A10.fq.gz
B2_R1_P4_A10	indelPCR	clone5	LBR2	5927_BarcodePool_AGTACAAG_B2_R1_P4_A10.fq.gz
B2_R3_P4_A10	indelPCR	clone5	LBR2	5927_BarcodePool_AGTACAAG_B2_R3_P4_A10.fq.gz
B1_R1_P1_C3	indelPCR	clone5	LBR2	5927_BarcodePool_AGTCACTA_B1_R1_P1_C3.fq.gz
B1_R1_P2_C3	indelPCR	clone5	LBR2	5927_BarcodePool_AGTCACTA_B1_R1_P2_C3.fq.gz
B1_R1_P3_C3	indelPCR	clone5	LBR2	5927_BarcodePool_AGTCACTA_B1_R1_P3_C3.fq.gz
B1_R1_P4_C3	indelPCR	clone5	LBR2	5927_BarcodePool_AGTCACTA_B1_R1_P4_C3.fq.gz
B1_R1_P5_C3	indelPCR	clone5	LBR2	5927_BarcodePool_AGTCACTA_B1_R1_P5_C3.fq.gz
B1_R1_P6_C3	indelPCR	clone5	LBR2	5927_BarcodePool_AGTCACTA_B1_R1_P6_C3.fq.gz
B1_R1_P7_C3	indelPCR	clone5	LBR2	5927_BarcodePool_AGTCACTA_B1_R1_P7_C3.fq.gz
B2_R1_P4_C3	indelPCR	clone5	LBR2	5927_BarcodePool_AGTCACTA_B2_R1_P4_C3.fq.gz
B1_R1_P1_A12	indelPCR	clone5	LBR2	5927_BarcodePool_AGTGGTCA_B1_R1_P1_A12.fq.gz
B1_R1_P2_A12	indelPCR	clone5	LBR2	5927_BarcodePool_AGTGGTCA_B1_R1_P2_A12.fq.gz
B1_R1_P3_A12	indelPCR	clone5	LBR2	5927_BarcodePool_AGTGGTCA_B1_R1_P3_A12.fq.gz
B1_R1_P4_A12	indelPCR	clone5	LBR2	5927_BarcodePool_AGTGGTCA_B1_R1_P4_A12.fq.gz
B1_R1_P5_A12	indelPCR	clone5	LBR2	5927_BarcodePool_AGTGGTCA_B1_R1_P5_A12.fq.gz
B1_R1_P6_A12	indelPCR	clone5	LBR2	5927_BarcodePool_AGTGGTCA_B1_R1_P6_A12.fq.gz
B1_R1_P7_A12	indelPCR	clone5	LBR2	5927_BarcodePool_AGTGGTCA_B1_R1_P7_A12.fq.gz
B2_R1_P4_A12	indelPCR	clone5	LBR2	5927_BarcodePool_AGTGGTCA_B2_R1_P4_A12.fq.gz
B2_R3_P4_A12	indelPCR	clone5	LBR2	5927_BarcodePool_AGTGGTCA_B2_R3_P4_A12.fq.gz
B1_R1_P1_G8	indelPCR	clone5	LBR2	5927_BarcodePool_ATAGCGAC_B1_R1_P1_G8.fq.gz
B1_R1_P2_G8	indelPCR	clone5	LBR2	5927_BarcodePool_ATAGCGAC_B1_R1_P2_G8.fq.gz
B1_R1_P3_G8	indelPCR	clone5	LBR2	5927_BarcodePool_ATAGCGAC_B1_R1_P3_G8.fq.gz
B1_R1_P4_G8	indelPCR	clone5	LBR2	5927_BarcodePool_ATAGCGAC_B1_R1_P4_G8.fq.gz
B1_R1_P5_G8	indelPCR	clone5	LBR2	5927_BarcodePool_ATAGCGAC_B1_R1_P5_G8.fq.gz
B1_R1_P6_G8	indelPCR	clone5	LBR2	5927_BarcodePool_ATAGCGAC_B1_R1_P6_G8.fq.gz
B1_R1_P7_G8	indelPCR	clone5	LBR2	5927_BarcodePool_ATAGCGAC_B1_R1_P7_G8.fq.gz
B2_R3_P4_G8	indelPCR	clone5	LBR2	5927_BarcodePool_ATAGCGAC_B2_R3_P4_G8.fq.gz
B1_R1_P1_G9	indelPCR	clone5	LBR2	5927_BarcodePool_ATCATTCC_B1_R1_P1_G9.fq.gz
B1_R1_P2_G9	indelPCR	clone5	LBR2	5927_BarcodePool_ATCATTCC_B1_R1_P2_G9.fq.gz
B1_R1_P3_G9	indelPCR	clone5	LBR2	5927_BarcodePool_ATCATTCC_B1_R1_P3_G9.fq.gz
B1_R1_P4_G9	indelPCR	clone5	LBR2	5927_BarcodePool_ATCATTCC_B1_R1_P4_G9.fq.gz
B1_R1_P5_G9	indelPCR	clone5	LBR2	5927_BarcodePool_ATCATTCC_B1_R1_P5_G9.fq.gz
B1_R1_P6_G9	indelPCR	clone5	LBR2	5927_BarcodePool_ATCATTCC_B1_R1_P6_G9.fq.gz
B1_R1_P7_G9	indelPCR	clone5	LBR2	5927_BarcodePool_ATCATTCC_B1_R1_P7_G9.fq.gz
B2_R1_P4_G9	indelPCR	clone5	LBR2	5927_BarcodePool_ATCATTCC_B2_R1_P4_G9.fq.gz
B1_R1_P1_C4	indelPCR	clone5	LBR2	5927_BarcodePool_ATCCTGTA_B1_R1_P1_C4.fq.gz
B1_R1_P2_C4	indelPCR	clone5	LBR2	5927_BarcodePool_ATCCTGTA_B1_R1_P2_C4.fq.gz
B1_R1_P3_C4	indelPCR	clone5	LBR2	5927_BarcodePool_ATCCTGTA_B1_R1_P3_C4.fq.gz
B1_R1_P4_C4	indelPCR	clone5	LBR2	5927_BarcodePool_ATCCTGTA_B1_R1_P4_C4.fq.gz
B1_R1_P6_C4	indelPCR	clone5	LBR2	5927_BarcodePool_ATCCTGTA_B1_R1_P6_C4.fq.gz
B1_R1_P7_C4	indelPCR	clone5	LBR2	5927_BarcodePool_ATCCTGTA_B1_R1_P7_C4.fq.gz
B2_R1_P4_C4	indelPCR	clone5	LBR2	5927_BarcodePool_ATCCTGTA_B2_R1_P4_C4.fq.gz
B2_R3_P4_C4	indelPCR	clone5	LBR2	5927_BarcodePool_ATCCTGTA_B2_R3_P4_C4.fq.gz
B1_R1_P1_A8	indelPCR	clone5	LBR2	5927_BarcodePool_ATGCCTAA_B1_R1_P1_A8.fq.gz
B1_R1_P2_A8	indelPCR	clone5	LBR2	5927_BarcodePool_ATGCCTAA_B1_R1_P2_A8.fq.gz
B1_R1_P3_A8	indelPCR	clone5	LBR2	5927_BarcodePool_ATGCCTAA_B1_R1_P3_A8.fq.gz
B1_R1_P4_A8	indelPCR	clone5	LBR2	5927_BarcodePool_ATGCCTAA_B1_R1_P4_A8.fq.gz
B1_R1_P5_A8	indelPCR	clone5	LBR2	5927_BarcodePool_ATGCCTAA_B1_R1_P5_A8.fq.gz
B1_R1_P6_A8	indelPCR	clone5	LBR2	5927_BarcodePool_ATGCCTAA_B1_R1_P6_A8.fq.gz
B1_R1_P7_A8	indelPCR	clone5	LBR2	5927_BarcodePool_ATGCCTAA_B1_R1_P7_A8.fq.gz
B2_R1_P4_A8	indelPCR	clone5	LBR2	5927_BarcodePool_ATGCCTAA_B2_R1_P4_A8.fq.gz
B2_R3_P4_A8	indelPCR	clone5	LBR2	5927_BarcodePool_ATGCCTAA_B2_R3_P4_A8.fq.gz
B1_R1_P1_C5	indelPCR	clone5	LBR2	5927_BarcodePool_ATTGAGGA_B1_R1_P1_C5.fq.gz
B1_R1_P2_C5	indelPCR	clone5	LBR2	5927_BarcodePool_ATTGAGGA_B1_R1_P2_C5.fq.gz
B1_R1_P3_C5	indelPCR	clone5	LBR2	5927_BarcodePool_ATTGAGGA_B1_R1_P3_C5.fq.gz
B1_R1_P4_C5	indelPCR	clone5	LBR2	5927_BarcodePool_ATTGAGGA_B1_R1_P4_C5.fq.gz
B1_R1_P5_C5	indelPCR	clone5	LBR2	5927_BarcodePool_ATTGAGGA_B1_R1_P5_C5.fq.gz
B1_R1_P6_C5	indelPCR	clone5	LBR2	5927_BarcodePool_ATTGAGGA_B1_R1_P6_C5.fq.gz
B1_R1_P7_C5	indelPCR	clone5	LBR2	5927_BarcodePool_ATTGAGGA_B1_R1_P7_C5.fq.gz
B2_R1_P4_C5	indelPCR	clone5	LBR2	5927_BarcodePool_ATTGAGGA_B2_R1_P4_C5.fq.gz
B2_R3_P4_C5	indelPCR	clone5	LBR2	5927_BarcodePool_ATTGAGGA_B2_R3_P4_C5.fq.gz
B1_R1_P1_G10	indelPCR	clone5	LBR2	5927_BarcodePool_ATTGGCTC_B1_R1_P1_G10.fq.gz
B1_R1_P2_G10	indelPCR	clone5	LBR2	5927_BarcodePool_ATTGGCTC_B1_R1_P2_G10.fq.gz
B1_R1_P3_G10	indelPCR	clone5	LBR2	5927_BarcodePool_ATTGGCTC_B1_R1_P3_G10.fq.gz
B1_R1_P4_G10	indelPCR	clone5	LBR2	5927_BarcodePool_ATTGGCTC_B1_R1_P4_G10.fq.gz
B1_R1_P5_G10	indelPCR	clone5	LBR2	5927_BarcodePool_ATTGGCTC_B1_R1_P5_G10.fq.gz
B1_R1_P6_G10	indelPCR	clone5	LBR2	5927_BarcodePool_ATTGGCTC_B1_R1_P6_G10.fq.gz
B1_R1_P7_G10	indelPCR	clone5	LBR2	5927_BarcodePool_ATTGGCTC_B1_R1_P7_G10.fq.gz
B2_R3_P4_G10	indelPCR	clone5	LBR2	5927_BarcodePool_ATTGGCTC_B2_R3_P4_G10.fq.gz
B1_R1_P1_C6	indelPCR	clone5	LBR2	5927_BarcodePool_CAACCACA_B1_R1_P1_C6.fq.gz
B1_R1_P2_C6	indelPCR	clone5	LBR2	5927_BarcodePool_CAACCACA_B1_R1_P2_C6.fq.gz
B1_R1_P3_C6	indelPCR	clone5	LBR2	5927_BarcodePool_CAACCACA_B1_R1_P3_C6.fq.gz
B1_R1_P4_C6	indelPCR	clone5	LBR2	5927_BarcodePool_CAACCACA_B1_R1_P4_C6.fq.gz
B1_R1_P5_C6	indelPCR	clone5	LBR2	5927_BarcodePool_CAACCACA_B1_R1_P5_C6.fq.gz
B1_R1_P6_C6	indelPCR	clone5	LBR2	5927_BarcodePool_CAACCACA_B1_R1_P6_C6.fq.gz
B1_R1_P7_C6	indelPCR	clone5	LBR2	5927_BarcodePool_CAACCACA_B1_R1_P7_C6.fq.gz
B2_R1_P4_C6	indelPCR	clone5	LBR2	5927_BarcodePool_CAACCACA_B2_R1_P4_C6.fq.gz
B2_R3_P4_C6	indelPCR	clone5	LBR2	5927_BarcodePool_CAACCACA_B2_R3_P4_C6.fq.gz
B1_R1_P1_C7	indelPCR	clone5	LBR2	5927_BarcodePool_CAAGACTA_B1_R1_P1_C7.fq.gz
B1_R1_P2_C7	indelPCR	clone5	LBR2	5927_BarcodePool_CAAGACTA_B1_R1_P2_C7.fq.gz
B1_R1_P3_C7	indelPCR	clone5	LBR2	5927_BarcodePool_CAAGACTA_B1_R1_P3_C7.fq.gz
B1_R1_P4_C7	indelPCR	clone5	LBR2	5927_BarcodePool_CAAGACTA_B1_R1_P4_C7.fq.gz
B1_R1_P5_C7	indelPCR	clone5	LBR2	5927_BarcodePool_CAAGACTA_B1_R1_P5_C7.fq.gz
B1_R1_P6_C7	indelPCR	clone5	LBR2	5927_BarcodePool_CAAGACTA_B1_R1_P6_C7.fq.gz
B1_R1_P7_C7	indelPCR	clone5	LBR2	5927_BarcodePool_CAAGACTA_B1_R1_P7_C7.fq.gz
B2_R1_P4_C7	indelPCR	clone5	LBR2	5927_BarcodePool_CAAGACTA_B2_R1_P4_C7.fq.gz
B2_R3_P4_C7	indelPCR	clone5	LBR2	5927_BarcodePool_CAAGACTA_B2_R3_P4_C7.fq.gz
B1_R1_P1_G11	indelPCR	clone5	LBR2	5927_BarcodePool_CAAGGAGC_B1_R1_P1_G11.fq.gz
B1_R1_P2_G11	indelPCR	clone5	LBR2	5927_BarcodePool_CAAGGAGC_B1_R1_P2_G11.fq.gz
B1_R1_P3_G11	indelPCR	clone5	LBR2	5927_BarcodePool_CAAGGAGC_B1_R1_P3_G11.fq.gz
B1_R1_P4_G11	indelPCR	clone5	LBR2	5927_BarcodePool_CAAGGAGC_B1_R1_P4_G11.fq.gz
B1_R1_P5_G11	indelPCR	clone5	LBR2	5927_BarcodePool_CAAGGAGC_B1_R1_P5_G11.fq.gz
B1_R1_P6_G11	indelPCR	clone5	LBR2	5927_BarcodePool_CAAGGAGC_B1_R1_P6_G11.fq.gz
B1_R1_P7_G11	indelPCR	clone5	LBR2	5927_BarcodePool_CAAGGAGC_B1_R1_P7_G11.fq.gz
B2_R1_P4_G11	indelPCR	clone5	LBR2	5927_BarcodePool_CAAGGAGC_B2_R1_P4_G11.fq.gz
B2_R3_P4_G11	indelPCR	clone5	LBR2	5927_BarcodePool_CAAGGAGC_B2_R3_P4_G11.fq.gz
B1_R1_P1_C8	indelPCR	clone5	LBR2	5927_BarcodePool_CAATGGAA_B1_R1_P1_C8.fq.gz
B1_R1_P2_C8	indelPCR	clone5	LBR2	5927_BarcodePool_CAATGGAA_B1_R1_P2_C8.fq.gz
B1_R1_P3_C8	indelPCR	clone5	LBR2	5927_BarcodePool_CAATGGAA_B1_R1_P3_C8.fq.gz
B1_R1_P4_C8	indelPCR	clone5	LBR2	5927_BarcodePool_CAATGGAA_B1_R1_P4_C8.fq.gz
B1_R1_P5_C8	indelPCR	clone5	LBR2	5927_BarcodePool_CAATGGAA_B1_R1_P5_C8.fq.gz
B1_R1_P6_C8	indelPCR	clone5	LBR2	5927_BarcodePool_CAATGGAA_B1_R1_P6_C8.fq.gz
B1_R1_P7_C8	indelPCR	clone5	LBR2	5927_BarcodePool_CAATGGAA_B1_R1_P7_C8.fq.gz
B2_R1_P4_C8	indelPCR	clone5	LBR2	5927_BarcodePool_CAATGGAA_B2_R1_P4_C8.fq.gz
B2_R3_P4_C8	indelPCR	clone5	LBR2	5927_BarcodePool_CAATGGAA_B2_R3_P4_C8.fq.gz
B1_R1_P1_G12	indelPCR	clone5	LBR2	5927_BarcodePool_CACCTTAC_B1_R1_P1_G12.fq.gz
B1_R1_P2_G12	indelPCR	clone5	LBR2	5927_BarcodePool_CACCTTAC_B1_R1_P2_G12.fq.gz
B1_R1_P3_G12	indelPCR	clone5	LBR2	5927_BarcodePool_CACCTTAC_B1_R1_P3_G12.fq.gz
B1_R1_P4_G12	indelPCR	clone5	LBR2	5927_BarcodePool_CACCTTAC_B1_R1_P4_G12.fq.gz
B1_R1_P5_G12	indelPCR	clone5	LBR2	5927_BarcodePool_CACCTTAC_B1_R1_P5_G12.fq.gz
B1_R1_P6_G12	indelPCR	clone5	LBR2	5927_BarcodePool_CACCTTAC_B1_R1_P6_G12.fq.gz
B1_R1_P7_G12	indelPCR	clone5	LBR2	5927_BarcodePool_CACCTTAC_B1_R1_P7_G12.fq.gz
B2_R1_P4_G12	indelPCR	clone5	LBR2	5927_BarcodePool_CACCTTAC_B2_R1_P4_G12.fq.gz
B1_R1_P1_C9	indelPCR	clone5	LBR2	5927_BarcodePool_CACTTCGA_B1_R1_P1_C9.fq.gz
B1_R1_P2_C9	indelPCR	clone5	LBR2	5927_BarcodePool_CACTTCGA_B1_R1_P2_C9.fq.gz
B1_R1_P3_C9	indelPCR	clone5	LBR2	5927_BarcodePool_CACTTCGA_B1_R1_P3_C9.fq.gz
B1_R1_P4_C9	indelPCR	clone5	LBR2	5927_BarcodePool_CACTTCGA_B1_R1_P4_C9.fq.gz
B1_R1_P5_C9	indelPCR	clone5	LBR2	5927_BarcodePool_CACTTCGA_B1_R1_P5_C9.fq.gz
B1_R1_P6_C9	indelPCR	clone5	LBR2	5927_BarcodePool_CACTTCGA_B1_R1_P6_C9.fq.gz
B1_R1_P7_C9	indelPCR	clone5	LBR2	5927_BarcodePool_CACTTCGA_B1_R1_P7_C9.fq.gz
B2_R1_P4_C9	indelPCR	clone5	LBR2	5927_BarcodePool_CACTTCGA_B2_R1_P4_C9.fq.gz
B1_R1_P1_A7	indelPCR	clone5	LBR2	5927_BarcodePool_CAGATCTG_B1_R1_P1_A7.fq.gz
B1_R1_P2_A7	indelPCR	clone5	LBR2	5927_BarcodePool_CAGATCTG_B1_R1_P2_A7.fq.gz
B1_R1_P3_A7	indelPCR	clone5	LBR2	5927_BarcodePool_CAGATCTG_B1_R1_P3_A7.fq.gz
B1_R1_P4_A7	indelPCR	clone5	LBR2	5927_BarcodePool_CAGATCTG_B1_R1_P4_A7.fq.gz
B1_R1_P5_A7	indelPCR	clone5	LBR2	5927_BarcodePool_CAGATCTG_B1_R1_P5_A7.fq.gz
B1_R1_P6_A7	indelPCR	clone5	LBR2	5927_BarcodePool_CAGATCTG_B1_R1_P6_A7.fq.gz
B1_R1_P7_A7	indelPCR	clone5	LBR2	5927_BarcodePool_CAGATCTG_B1_R1_P7_A7.fq.gz
B2_R1_P4_A7	indelPCR	clone5	LBR2	5927_BarcodePool_CAGATCTG_B2_R1_P4_A7.fq.gz
B2_R3_P4_A7	indelPCR	clone5	LBR2	5927_BarcodePool_CAGATCTG_B2_R3_P4_A7.fq.gz
B1_R1_P1_C10	indelPCR	clone5	LBR2	5927_BarcodePool_CAGCGTTA_B1_R1_P1_C10.fq.gz
B1_R1_P2_C10	indelPCR	clone5	LBR2	5927_BarcodePool_CAGCGTTA_B1_R1_P2_C10.fq.gz
B1_R1_P3_C10	indelPCR	clone5	LBR2	5927_BarcodePool_CAGCGTTA_B1_R1_P3_C10.fq.gz
B1_R1_P4_C10	indelPCR	clone5	LBR2	5927_BarcodePool_CAGCGTTA_B1_R1_P4_C10.fq.gz
B1_R1_P5_C10	indelPCR	clone5	LBR2	5927_BarcodePool_CAGCGTTA_B1_R1_P5_C10.fq.gz
B1_R1_P6_C10	indelPCR	clone5	LBR2	5927_BarcodePool_CAGCGTTA_B1_R1_P6_C10.fq.gz
B1_R1_P7_C10	indelPCR	clone5	LBR2	5927_BarcodePool_CAGCGTTA_B1_R1_P7_C10.fq.gz
B2_R1_P4_C10	indelPCR	clone5	LBR2	5927_BarcodePool_CAGCGTTA_B2_R1_P4_C10.fq.gz
B2_R3_P4_C10	indelPCR	clone5	LBR2	5927_BarcodePool_CAGCGTTA_B2_R3_P4_C10.fq.gz
B1_R1_P1_C11	indelPCR	clone5	LBR2	5927_BarcodePool_CATACCAA_B1_R1_P1_C11.fq.gz
B1_R1_P2_C11	indelPCR	clone5	LBR2	5927_BarcodePool_CATACCAA_B1_R1_P2_C11.fq.gz
B1_R1_P3_C11	indelPCR	clone5	LBR2	5927_BarcodePool_CATACCAA_B1_R1_P3_C11.fq.gz
B1_R1_P4_C11	indelPCR	clone5	LBR2	5927_BarcodePool_CATACCAA_B1_R1_P4_C11.fq.gz
B1_R1_P5_C11	indelPCR	clone5	LBR2	5927_BarcodePool_CATACCAA_B1_R1_P5_C11.fq.gz
B1_R1_P6_C11	indelPCR	clone5	LBR2	5927_BarcodePool_CATACCAA_B1_R1_P6_C11.fq.gz
B1_R1_P7_C11	indelPCR	clone5	LBR2	5927_BarcodePool_CATACCAA_B1_R1_P7_C11.fq.gz
B2_R1_P4_C11	indelPCR	clone5	LBR2	5927_BarcodePool_CATACCAA_B2_R1_P4_C11.fq.gz
B2_R3_P4_C11	indelPCR	clone5	LBR2	5927_BarcodePool_CATACCAA_B2_R3_P4_C11.fq.gz
B1_R1_P1_A11	indelPCR	clone5	LBR2	5927_BarcodePool_CATCAAGT_B1_R1_P1_A11.fq.gz
B1_R1_P2_A11	indelPCR	clone5	LBR2	5927_BarcodePool_CATCAAGT_B1_R1_P2_A11.fq.gz
B1_R1_P3_A11	indelPCR	clone5	LBR2	5927_BarcodePool_CATCAAGT_B1_R1_P3_A11.fq.gz
B1_R1_P4_A11	indelPCR	clone5	LBR2	5927_BarcodePool_CATCAAGT_B1_R1_P4_A11.fq.gz
B1_R1_P5_A11	indelPCR	clone5	LBR2	5927_BarcodePool_CATCAAGT_B1_R1_P5_A11.fq.gz
B1_R1_P6_A11	indelPCR	clone5	LBR2	5927_BarcodePool_CATCAAGT_B1_R1_P6_A11.fq.gz
B1_R1_P7_A11	indelPCR	clone5	LBR2	5927_BarcodePool_CATCAAGT_B1_R1_P7_A11.fq.gz
B2_R1_P4_A11	indelPCR	clone5	LBR2	5927_BarcodePool_CATCAAGT_B2_R1_P4_A11.fq.gz
B2_R3_P4_A11	indelPCR	clone5	LBR2	5927_BarcodePool_CATCAAGT_B2_R3_P4_A11.fq.gz
B1_R1_P1_C12	indelPCR	clone5	LBR2	5927_BarcodePool_CCAGTTCA_B1_R1_P1_C12.fq.gz
B1_R1_P2_C12	indelPCR	clone5	LBR2	5927_BarcodePool_CCAGTTCA_B1_R1_P2_C12.fq.gz
B1_R1_P3_C12	indelPCR	clone5	LBR2	5927_BarcodePool_CCAGTTCA_B1_R1_P3_C12.fq.gz
B1_R1_P4_C12	indelPCR	clone5	LBR2	5927_BarcodePool_CCAGTTCA_B1_R1_P4_C12.fq.gz
B1_R1_P5_C12	indelPCR	clone5	LBR2	5927_BarcodePool_CCAGTTCA_B1_R1_P5_C12.fq.gz
B1_R1_P6_C12	indelPCR	clone5	LBR2	5927_BarcodePool_CCAGTTCA_B1_R1_P6_C12.fq.gz
B1_R1_P7_C12	indelPCR	clone5	LBR2	5927_BarcodePool_CCAGTTCA_B1_R1_P7_C12.fq.gz
B2_R1_P4_C12	indelPCR	clone5	LBR2	5927_BarcodePool_CCAGTTCA_B2_R1_P4_C12.fq.gz
B2_R3_P4_C12	indelPCR	clone5	LBR2	5927_BarcodePool_CCAGTTCA_B2_R3_P4_C12.fq.gz
B1_R1_P1_H1	indelPCR	clone5	LBR2	5927_BarcodePool_CCATCCTC_B1_R1_P1_H1.fq.gz
B1_R1_P2_H1	indelPCR	clone5	LBR2	5927_BarcodePool_CCATCCTC_B1_R1_P2_H1.fq.gz
B1_R1_P3_H1	indelPCR	clone5	LBR2	5927_BarcodePool_CCATCCTC_B1_R1_P3_H1.fq.gz
B1_R1_P4_H1	indelPCR	clone5	LBR2	5927_BarcodePool_CCATCCTC_B1_R1_P4_H1.fq.gz
B1_R1_P5_H1	indelPCR	clone5	LBR2	5927_BarcodePool_CCATCCTC_B1_R1_P5_H1.fq.gz
B1_R1_P6_H1	indelPCR	clone5	LBR2	5927_BarcodePool_CCATCCTC_B1_R1_P6_H1.fq.gz
B1_R1_P7_H1	indelPCR	clone5	LBR2	5927_BarcodePool_CCATCCTC_B1_R1_P7_H1.fq.gz
B2_R1_P4_H1	indelPCR	clone5	LBR2	5927_BarcodePool_CCATCCTC_B2_R1_P4_H1.fq.gz
B2_R3_P4_H1	indelPCR	clone5	LBR2	5927_BarcodePool_CCATCCTC_B2_R3_P4_H1.fq.gz
B1_R1_P1_D1	indelPCR	clone5	LBR2	5927_BarcodePool_CCGAAGTA_B1_R1_P1_D1.fq.gz
B1_R1_P2_D1	indelPCR	clone5	LBR2	5927_BarcodePool_CCGAAGTA_B1_R1_P2_D1.fq.gz
B1_R1_P3_D1	indelPCR	clone5	LBR2	5927_BarcodePool_CCGAAGTA_B1_R1_P3_D1.fq.gz
B1_R1_P4_D1	indelPCR	clone5	LBR2	5927_BarcodePool_CCGAAGTA_B1_R1_P4_D1.fq.gz
B1_R1_P5_D1	indelPCR	clone5	LBR2	5927_BarcodePool_CCGAAGTA_B1_R1_P5_D1.fq.gz
B1_R1_P6_D1	indelPCR	clone5	LBR2	5927_BarcodePool_CCGAAGTA_B1_R1_P6_D1.fq.gz
B1_R1_P7_D1	indelPCR	clone5	LBR2	5927_BarcodePool_CCGAAGTA_B1_R1_P7_D1.fq.gz
B2_R1_P4_D1	indelPCR	clone5	LBR2	5927_BarcodePool_CCGAAGTA_B2_R1_P4_D1.fq.gz
B2_R3_P4_D1	indelPCR	clone5	LBR2	5927_BarcodePool_CCGAAGTA_B2_R3_P4_D1.fq.gz
B1_R1_P1_H2	indelPCR	clone5	LBR2	5927_BarcodePool_CCGACAAC_B1_R1_P1_H2.fq.gz
B1_R1_P2_H2	indelPCR	clone5	LBR2	5927_BarcodePool_CCGACAAC_B1_R1_P2_H2.fq.gz
B1_R1_P3_H2	indelPCR	clone5	LBR2	5927_BarcodePool_CCGACAAC_B1_R1_P3_H2.fq.gz
B1_R1_P4_H2	indelPCR	clone5	LBR2	5927_BarcodePool_CCGACAAC_B1_R1_P4_H2.fq.gz
B1_R1_P5_H2	indelPCR	clone5	LBR2	5927_BarcodePool_CCGACAAC_B1_R1_P5_H2.fq.gz
B1_R1_P6_H2	indelPCR	clone5	LBR2	5927_BarcodePool_CCGACAAC_B1_R1_P6_H2.fq.gz
B1_R1_P7_H2	indelPCR	clone5	LBR2	5927_BarcodePool_CCGACAAC_B1_R1_P7_H2.fq.gz
B2_R1_P4_H2	indelPCR	clone5	LBR2	5927_BarcodePool_CCGACAAC_B2_R1_P4_H2.fq.gz
B2_R3_P4_H2	indelPCR	clone5	LBR2	5927_BarcodePool_CCGACAAC_B2_R3_P4_H2.fq.gz
B1_R1_P1_D2	indelPCR	clone5	LBR2	5927_BarcodePool_CCGTGAGA_B1_R1_P1_D2.fq.gz
B1_R1_P2_D2	indelPCR	clone5	LBR2	5927_BarcodePool_CCGTGAGA_B1_R1_P2_D2.fq.gz
B1_R1_P3_D2	indelPCR	clone5	LBR2	5927_BarcodePool_CCGTGAGA_B1_R1_P3_D2.fq.gz
B1_R1_P4_D2	indelPCR	clone5	LBR2	5927_BarcodePool_CCGTGAGA_B1_R1_P4_D2.fq.gz
B1_R1_P5_D2	indelPCR	clone5	LBR2	5927_BarcodePool_CCGTGAGA_B1_R1_P5_D2.fq.gz
B1_R1_P6_D2	indelPCR	clone5	LBR2	5927_BarcodePool_CCGTGAGA_B1_R1_P6_D2.fq.gz
B1_R1_P7_D2	indelPCR	clone5	LBR2	5927_BarcodePool_CCGTGAGA_B1_R1_P7_D2.fq.gz
B2_R1_P4_D2	indelPCR	clone5	LBR2	5927_BarcodePool_CCGTGAGA_B2_R1_P4_D2.fq.gz
B1_R1_P1_H3	indelPCR	clone5	LBR2	5927_BarcodePool_CCTAATCC_B1_R1_P1_H3.fq.gz
B1_R1_P2_H3	indelPCR	clone5	LBR2	5927_BarcodePool_CCTAATCC_B1_R1_P2_H3.fq.gz
B1_R1_P3_H3	indelPCR	clone5	LBR2	5927_BarcodePool_CCTAATCC_B1_R1_P3_H3.fq.gz
B1_R1_P4_H3	indelPCR	clone5	LBR2	5927_BarcodePool_CCTAATCC_B1_R1_P4_H3.fq.gz
B1_R1_P5_H3	indelPCR	clone5	LBR2	5927_BarcodePool_CCTAATCC_B1_R1_P5_H3.fq.gz
B1_R1_P6_H3	indelPCR	clone5	LBR2	5927_BarcodePool_CCTAATCC_B1_R1_P6_H3.fq.gz
B1_R1_P7_H3	indelPCR	clone5	LBR2	5927_BarcodePool_CCTAATCC_B1_R1_P7_H3.fq.gz
B2_R1_P4_H3	indelPCR	clone5	LBR2	5927_BarcodePool_CCTAATCC_B2_R1_P4_H3.fq.gz
B2_R3_P4_H3	indelPCR	clone5	LBR2	5927_BarcodePool_CCTAATCC_B2_R3_P4_H3.fq.gz
B1_R1_P1_D3	indelPCR	clone5	LBR2	5927_BarcodePool_CCTCCTGA_B1_R1_P1_D3.fq.gz
B1_R1_P2_D3	indelPCR	clone5	LBR2	5927_BarcodePool_CCTCCTGA_B1_R1_P2_D3.fq.gz
B1_R1_P3_D3	indelPCR	clone5	LBR2	5927_BarcodePool_CCTCCTGA_B1_R1_P3_D3.fq.gz
B1_R1_P4_D3	indelPCR	clone5	LBR2	5927_BarcodePool_CCTCCTGA_B1_R1_P4_D3.fq.gz
B1_R1_P5_D3	indelPCR	clone5	LBR2	5927_BarcodePool_CCTCCTGA_B1_R1_P5_D3.fq.gz
B1_R1_P6_D3	indelPCR	clone5	LBR2	5927_BarcodePool_CCTCCTGA_B1_R1_P6_D3.fq.gz
B1_R1_P7_D3	indelPCR	clone5	LBR2	5927_BarcodePool_CCTCCTGA_B1_R1_P7_D3.fq.gz
B2_R1_P4_D3	indelPCR	clone5	LBR2	5927_BarcodePool_CCTCCTGA_B2_R1_P4_D3.fq.gz
B2_R3_P4_D3	indelPCR	clone5	LBR2	5927_BarcodePool_CCTCCTGA_B2_R3_P4_D3.fq.gz
B1_R1_P1_H4	indelPCR	clone5	LBR2	5927_BarcodePool_CCTCTATC_B1_R1_P1_H4.fq.gz
B1_R1_P2_H4	indelPCR	clone5	LBR2	5927_BarcodePool_CCTCTATC_B1_R1_P2_H4.fq.gz
B1_R1_P3_H4	indelPCR	clone5	LBR2	5927_BarcodePool_CCTCTATC_B1_R1_P3_H4.fq.gz
B1_R1_P4_H4	indelPCR	clone5	LBR2	5927_BarcodePool_CCTCTATC_B1_R1_P4_H4.fq.gz
B1_R1_P6_H4	indelPCR	clone5	LBR2	5927_BarcodePool_CCTCTATC_B1_R1_P6_H4.fq.gz
B1_R1_P7_H4	indelPCR	clone5	LBR2	5927_BarcodePool_CCTCTATC_B1_R1_P7_H4.fq.gz
B2_R1_P4_H4	indelPCR	clone5	LBR2	5927_BarcodePool_CCTCTATC_B2_R1_P4_H4.fq.gz
B1_R1_P1_D4	indelPCR	clone5	LBR2	5927_BarcodePool_CGAACTTA_B1_R1_P1_D4.fq.gz
B1_R1_P2_D4	indelPCR	clone5	LBR2	5927_BarcodePool_CGAACTTA_B1_R1_P2_D4.fq.gz
B1_R1_P3_D4	indelPCR	clone5	LBR2	5927_BarcodePool_CGAACTTA_B1_R1_P3_D4.fq.gz
B1_R1_P4_D4	indelPCR	clone5	LBR2	5927_BarcodePool_CGAACTTA_B1_R1_P4_D4.fq.gz
B1_R1_P6_D4	indelPCR	clone5	LBR2	5927_BarcodePool_CGAACTTA_B1_R1_P6_D4.fq.gz
B1_R1_P7_D4	indelPCR	clone5	LBR2	5927_BarcodePool_CGAACTTA_B1_R1_P7_D4.fq.gz
B2_R1_P4_D4	indelPCR	clone5	LBR2	5927_BarcodePool_CGAACTTA_B2_R1_P4_D4.fq.gz
B2_R3_P4_D4	indelPCR	clone5	LBR2	5927_BarcodePool_CGAACTTA_B2_R3_P4_D4.fq.gz
B1_R1_P1_H5	indelPCR	clone5	LBR2	5927_BarcodePool_CGACACAC_B1_R1_P1_H5.fq.gz
B1_R1_P2_H5	indelPCR	clone5	LBR2	5927_BarcodePool_CGACACAC_B1_R1_P2_H5.fq.gz
B1_R1_P3_H5	indelPCR	clone5	LBR2	5927_BarcodePool_CGACACAC_B1_R1_P3_H5.fq.gz
B1_R1_P4_H5	indelPCR	clone5	LBR2	5927_BarcodePool_CGACACAC_B1_R1_P4_H5.fq.gz
B1_R1_P5_H5	indelPCR	clone5	LBR2	5927_BarcodePool_CGACACAC_B1_R1_P5_H5.fq.gz
B1_R1_P6_H5	indelPCR	clone5	LBR2	5927_BarcodePool_CGACACAC_B1_R1_P6_H5.fq.gz
B1_R1_P7_H5	indelPCR	clone5	LBR2	5927_BarcodePool_CGACACAC_B1_R1_P7_H5.fq.gz
B2_R1_P4_H5	indelPCR	clone5	LBR2	5927_BarcodePool_CGACACAC_B2_R1_P4_H5.fq.gz
B2_R3_P4_H5	indelPCR	clone5	LBR2	5927_BarcodePool_CGACACAC_B2_R3_P4_H5.fq.gz
B1_R1_P1_D5	indelPCR	clone5	LBR2	5927_BarcodePool_CGACTGGA_B1_R1_P1_D5.fq.gz
B1_R1_P2_D5	indelPCR	clone5	LBR2	5927_BarcodePool_CGACTGGA_B1_R1_P2_D5.fq.gz
B1_R1_P3_D5	indelPCR	clone5	LBR2	5927_BarcodePool_CGACTGGA_B1_R1_P3_D5.fq.gz
B1_R1_P4_D5	indelPCR	clone5	LBR2	5927_BarcodePool_CGACTGGA_B1_R1_P4_D5.fq.gz
B1_R1_P5_D5	indelPCR	clone5	LBR2	5927_BarcodePool_CGACTGGA_B1_R1_P5_D5.fq.gz
B1_R1_P6_D5	indelPCR	clone5	LBR2	5927_BarcodePool_CGACTGGA_B1_R1_P6_D5.fq.gz
B1_R1_P7_D5	indelPCR	clone5	LBR2	5927_BarcodePool_CGACTGGA_B1_R1_P7_D5.fq.gz
B2_R1_P4_D5	indelPCR	clone5	LBR2	5927_BarcodePool_CGACTGGA_B2_R1_P4_D5.fq.gz
B1_R1_P1_D6	indelPCR	clone5	LBR2	5927_BarcodePool_CGCATACA_B1_R1_P1_D6.fq.gz
B1_R1_P2_D6	indelPCR	clone5	LBR2	5927_BarcodePool_CGCATACA_B1_R1_P2_D6.fq.gz
B1_R1_P3_D6	indelPCR	clone5	LBR2	5927_BarcodePool_CGCATACA_B1_R1_P3_D6.fq.gz
B1_R1_P4_D6	indelPCR	clone5	LBR2	5927_BarcodePool_CGCATACA_B1_R1_P4_D6.fq.gz
B1_R1_P5_D6	indelPCR	clone5	LBR2	5927_BarcodePool_CGCATACA_B1_R1_P5_D6.fq.gz
B1_R1_P6_D6	indelPCR	clone5	LBR2	5927_BarcodePool_CGCATACA_B1_R1_P6_D6.fq.gz
B1_R1_P7_D6	indelPCR	clone5	LBR2	5927_BarcodePool_CGCATACA_B1_R1_P7_D6.fq.gz
B2_R3_P4_D6	indelPCR	clone5	LBR2	5927_BarcodePool_CGCATACA_B2_R3_P4_D6.fq.gz
B1_R1_P1_A6	indelPCR	clone5	LBR2	5927_BarcodePool_CGCTGATC_B1_R1_P1_A6.fq.gz
B1_R1_P2_A6	indelPCR	clone5	LBR2	5927_BarcodePool_CGCTGATC_B1_R1_P2_A6.fq.gz
B1_R1_P3_A6	indelPCR	clone5	LBR2	5927_BarcodePool_CGCTGATC_B1_R1_P3_A6.fq.gz
B1_R1_P4_A6	indelPCR	clone5	LBR2	5927_BarcodePool_CGCTGATC_B1_R1_P4_A6.fq.gz
B1_R1_P5_A6	indelPCR	clone5	LBR2	5927_BarcodePool_CGCTGATC_B1_R1_P5_A6.fq.gz
B1_R1_P6_A6	indelPCR	clone5	LBR2	5927_BarcodePool_CGCTGATC_B1_R1_P6_A6.fq.gz
B1_R1_P7_A6	indelPCR	clone5	LBR2	5927_BarcodePool_CGCTGATC_B1_R1_P7_A6.fq.gz
B2_R1_P4_A6	indelPCR	clone5	LBR2	5927_BarcodePool_CGCTGATC_B2_R1_P4_A6.fq.gz
B2_R3_P4_A6	indelPCR	clone5	LBR2	5927_BarcodePool_CGCTGATC_B2_R3_P4_A6.fq.gz
B1_R1_P1_H6	indelPCR	clone5	LBR2	5927_BarcodePool_CGGATTGC_B1_R1_P1_H6.fq.gz
B1_R1_P2_H6	indelPCR	clone5	LBR2	5927_BarcodePool_CGGATTGC_B1_R1_P2_H6.fq.gz
B1_R1_P3_H6	indelPCR	clone5	LBR2	5927_BarcodePool_CGGATTGC_B1_R1_P3_H6.fq.gz
B1_R1_P4_H6	indelPCR	clone5	LBR2	5927_BarcodePool_CGGATTGC_B1_R1_P4_H6.fq.gz
B1_R1_P5_H6	indelPCR	clone5	LBR2	5927_BarcodePool_CGGATTGC_B1_R1_P5_H6.fq.gz
B1_R1_P6_H6	indelPCR	clone5	LBR2	5927_BarcodePool_CGGATTGC_B1_R1_P6_H6.fq.gz
B1_R1_P7_H6	indelPCR	clone5	LBR2	5927_BarcodePool_CGGATTGC_B1_R1_P7_H6.fq.gz
B2_R1_P4_H6	indelPCR	clone5	LBR2	5927_BarcodePool_CGGATTGC_B2_R1_P4_H6.fq.gz
B1_R1_P1_H7	indelPCR	clone5	LBR2	5927_BarcodePool_CTAAGGTC_B1_R1_P1_H7.fq.gz
B1_R1_P2_H7	indelPCR	clone5	LBR2	5927_BarcodePool_CTAAGGTC_B1_R1_P2_H7.fq.gz
B1_R1_P3_H7	indelPCR	clone5	LBR2	5927_BarcodePool_CTAAGGTC_B1_R1_P3_H7.fq.gz
B1_R1_P4_H7	indelPCR	clone5	LBR2	5927_BarcodePool_CTAAGGTC_B1_R1_P4_H7.fq.gz
B1_R1_P5_H7	indelPCR	clone5	LBR2	5927_BarcodePool_CTAAGGTC_B1_R1_P5_H7.fq.gz
B1_R1_P6_H7	indelPCR	clone5	LBR2	5927_BarcodePool_CTAAGGTC_B1_R1_P6_H7.fq.gz
B1_R1_P7_H7	indelPCR	clone5	LBR2	5927_BarcodePool_CTAAGGTC_B1_R1_P7_H7.fq.gz
B2_R1_P4_H7	indelPCR	clone5	LBR2	5927_BarcodePool_CTAAGGTC_B2_R1_P4_H7.fq.gz
B2_R3_P4_H7	indelPCR	clone5	LBR2	5927_BarcodePool_CTAAGGTC_B2_R3_P4_H7.fq.gz
B1_R1_P1_D7	indelPCR	clone5	LBR2	5927_BarcodePool_CTCAATGA_B1_R1_P1_D7.fq.gz
B1_R1_P2_D7	indelPCR	clone5	LBR2	5927_BarcodePool_CTCAATGA_B1_R1_P2_D7.fq.gz
B1_R1_P3_D7	indelPCR	clone5	LBR2	5927_BarcodePool_CTCAATGA_B1_R1_P3_D7.fq.gz
B1_R1_P4_D7	indelPCR	clone5	LBR2	5927_BarcodePool_CTCAATGA_B1_R1_P4_D7.fq.gz
B1_R1_P5_D7	indelPCR	clone5	LBR2	5927_BarcodePool_CTCAATGA_B1_R1_P5_D7.fq.gz
B1_R1_P6_D7	indelPCR	clone5	LBR2	5927_BarcodePool_CTCAATGA_B1_R1_P6_D7.fq.gz
B1_R1_P7_D7	indelPCR	clone5	LBR2	5927_BarcodePool_CTCAATGA_B1_R1_P7_D7.fq.gz
B2_R1_P4_D7	indelPCR	clone5	LBR2	5927_BarcodePool_CTCAATGA_B2_R1_P4_D7.fq.gz
B2_R3_P4_D7	indelPCR	clone5	LBR2	5927_BarcodePool_CTCAATGA_B2_R3_P4_D7.fq.gz
B1_R1_P1_D8	indelPCR	clone5	LBR2	5927_BarcodePool_CTGAGCCA_B1_R1_P1_D8.fq.gz
B1_R1_P2_D8	indelPCR	clone5	LBR2	5927_BarcodePool_CTGAGCCA_B1_R1_P2_D8.fq.gz
B1_R1_P3_D8	indelPCR	clone5	LBR2	5927_BarcodePool_CTGAGCCA_B1_R1_P3_D8.fq.gz
B1_R1_P4_D8	indelPCR	clone5	LBR2	5927_BarcodePool_CTGAGCCA_B1_R1_P4_D8.fq.gz
B1_R1_P5_D8	indelPCR	clone5	LBR2	5927_BarcodePool_CTGAGCCA_B1_R1_P5_D8.fq.gz
B1_R1_P6_D8	indelPCR	clone5	LBR2	5927_BarcodePool_CTGAGCCA_B1_R1_P6_D8.fq.gz
B1_R1_P7_D8	indelPCR	clone5	LBR2	5927_BarcodePool_CTGAGCCA_B1_R1_P7_D8.fq.gz
B2_R1_P4_D8	indelPCR	clone5	LBR2	5927_BarcodePool_CTGAGCCA_B2_R1_P4_D8.fq.gz
B2_R3_P4_D8	indelPCR	clone5	LBR2	5927_BarcodePool_CTGAGCCA_B2_R3_P4_D8.fq.gz
B1_R1_P1_D9	indelPCR	clone5	LBR2	5927_BarcodePool_CTGGCATA_B1_R1_P1_D9.fq.gz
B1_R1_P2_D9	indelPCR	clone5	LBR2	5927_BarcodePool_CTGGCATA_B1_R1_P2_D9.fq.gz
B1_R1_P3_D9	indelPCR	clone5	LBR2	5927_BarcodePool_CTGGCATA_B1_R1_P3_D9.fq.gz
B1_R1_P4_D9	indelPCR	clone5	LBR2	5927_BarcodePool_CTGGCATA_B1_R1_P4_D9.fq.gz
B1_R1_P5_D9	indelPCR	clone5	LBR2	5927_BarcodePool_CTGGCATA_B1_R1_P5_D9.fq.gz
B1_R1_P6_D9	indelPCR	clone5	LBR2	5927_BarcodePool_CTGGCATA_B1_R1_P6_D9.fq.gz
B1_R1_P7_D9	indelPCR	clone5	LBR2	5927_BarcodePool_CTGGCATA_B1_R1_P7_D9.fq.gz
B2_R1_P4_D9	indelPCR	clone5	LBR2	5927_BarcodePool_CTGGCATA_B2_R1_P4_D9.fq.gz
B1_R1_P1_A9	indelPCR	clone5	LBR2	5927_BarcodePool_CTGTAGCC_B1_R1_P1_A9.fq.gz
B1_R1_P2_A9	indelPCR	clone5	LBR2	5927_BarcodePool_CTGTAGCC_B1_R1_P2_A9.fq.gz
B1_R1_P3_A9	indelPCR	clone5	LBR2	5927_BarcodePool_CTGTAGCC_B1_R1_P3_A9.fq.gz
B1_R1_P4_A9	indelPCR	clone5	LBR2	5927_BarcodePool_CTGTAGCC_B1_R1_P4_A9.fq.gz
B1_R1_P5_A9	indelPCR	clone5	LBR2	5927_BarcodePool_CTGTAGCC_B1_R1_P5_A9.fq.gz
B1_R1_P6_A9	indelPCR	clone5	LBR2	5927_BarcodePool_CTGTAGCC_B1_R1_P6_A9.fq.gz
B1_R1_P7_A9	indelPCR	clone5	LBR2	5927_BarcodePool_CTGTAGCC_B1_R1_P7_A9.fq.gz
B2_R1_P4_A9	indelPCR	clone5	LBR2	5927_BarcodePool_CTGTAGCC_B2_R1_P4_A9.fq.gz
B2_R3_P4_A9	indelPCR	clone5	LBR2	5927_BarcodePool_CTGTAGCC_B2_R3_P4_A9.fq.gz
B1_R1_P1_H8	indelPCR	clone5	LBR2	5927_BarcodePool_GAACAGGC_B1_R1_P1_H8.fq.gz
B1_R1_P2_H8	indelPCR	clone5	LBR2	5927_BarcodePool_GAACAGGC_B1_R1_P2_H8.fq.gz
B1_R1_P3_H8	indelPCR	clone5	LBR2	5927_BarcodePool_GAACAGGC_B1_R1_P3_H8.fq.gz
B1_R1_P4_H8	indelPCR	clone5	LBR2	5927_BarcodePool_GAACAGGC_B1_R1_P4_H8.fq.gz
B1_R1_P5_H8	indelPCR	clone5	LBR2	5927_BarcodePool_GAACAGGC_B1_R1_P5_H8.fq.gz
B1_R1_P6_H8	indelPCR	clone5	LBR2	5927_BarcodePool_GAACAGGC_B1_R1_P6_H8.fq.gz
B1_R1_P7_H8	indelPCR	clone5	LBR2	5927_BarcodePool_GAACAGGC_B1_R1_P7_H8.fq.gz
B2_R3_P4_H8	indelPCR	clone5	LBR2	5927_BarcodePool_GAACAGGC_B2_R3_P4_H8.fq.gz
B1_R1_P1_D10	indelPCR	clone5	LBR2	5927_BarcodePool_GAATCTGA_B1_R1_P1_D10.fq.gz
B1_R1_P2_D10	indelPCR	clone5	LBR2	5927_BarcodePool_GAATCTGA_B1_R1_P2_D10.fq.gz
B1_R1_P3_D10	indelPCR	clone5	LBR2	5927_BarcodePool_GAATCTGA_B1_R1_P3_D10.fq.gz
B1_R1_P4_D10	indelPCR	clone5	LBR2	5927_BarcodePool_GAATCTGA_B1_R1_P4_D10.fq.gz
B1_R1_P5_D10	indelPCR	clone5	LBR2	5927_BarcodePool_GAATCTGA_B1_R1_P5_D10.fq.gz
B1_R1_P6_D10	indelPCR	clone5	LBR2	5927_BarcodePool_GAATCTGA_B1_R1_P6_D10.fq.gz
B1_R1_P7_D10	indelPCR	clone5	LBR2	5927_BarcodePool_GAATCTGA_B1_R1_P7_D10.fq.gz
B2_R3_P4_D10	indelPCR	clone5	LBR2	5927_BarcodePool_GAATCTGA_B2_R3_P4_D10.fq.gz
B1_R1_P1_H9	indelPCR	clone5	LBR2	5927_BarcodePool_GACAGTGC_B1_R1_P1_H9.fq.gz
B1_R1_P2_H9	indelPCR	clone5	LBR2	5927_BarcodePool_GACAGTGC_B1_R1_P2_H9.fq.gz
B1_R1_P3_H9	indelPCR	clone5	LBR2	5927_BarcodePool_GACAGTGC_B1_R1_P3_H9.fq.gz
B1_R1_P4_H9	indelPCR	clone5	LBR2	5927_BarcodePool_GACAGTGC_B1_R1_P4_H9.fq.gz
B1_R1_P5_H9	indelPCR	clone5	LBR2	5927_BarcodePool_GACAGTGC_B1_R1_P5_H9.fq.gz
B1_R1_P6_H9	indelPCR	clone5	LBR2	5927_BarcodePool_GACAGTGC_B1_R1_P6_H9.fq.gz
B1_R1_P7_H9	indelPCR	clone5	LBR2	5927_BarcodePool_GACAGTGC_B1_R1_P7_H9.fq.gz
B2_R3_P4_H9	indelPCR	clone5	LBR2	5927_BarcodePool_GACAGTGC_B2_R3_P4_H9.fq.gz
B1_R1_P1_D11	indelPCR	clone5	LBR2	5927_BarcodePool_GACTAGTA_B1_R1_P1_D11.fq.gz
B1_R1_P2_D11	indelPCR	clone5	LBR2	5927_BarcodePool_GACTAGTA_B1_R1_P2_D11.fq.gz
B1_R1_P3_D11	indelPCR	clone5	LBR2	5927_BarcodePool_GACTAGTA_B1_R1_P3_D11.fq.gz
B1_R1_P4_D11	indelPCR	clone5	LBR2	5927_BarcodePool_GACTAGTA_B1_R1_P4_D11.fq.gz
B1_R1_P5_D11	indelPCR	clone5	LBR2	5927_BarcodePool_GACTAGTA_B1_R1_P5_D11.fq.gz
B1_R1_P6_D11	indelPCR	clone5	LBR2	5927_BarcodePool_GACTAGTA_B1_R1_P6_D11.fq.gz
B1_R1_P7_D11	indelPCR	clone5	LBR2	5927_BarcodePool_GACTAGTA_B1_R1_P7_D11.fq.gz
B2_R1_P4_D11	indelPCR	clone5	LBR2	5927_BarcodePool_GACTAGTA_B2_R1_P4_D11.fq.gz
B2_R3_P4_D11	indelPCR	clone5	LBR2	5927_BarcodePool_GACTAGTA_B2_R3_P4_D11.fq.gz
B1_R1_P1_D12	indelPCR	clone5	LBR2	5927_BarcodePool_GAGCTGAA_B1_R1_P1_D12.fq.gz
B1_R1_P2_D12	indelPCR	clone5	LBR2	5927_BarcodePool_GAGCTGAA_B1_R1_P2_D12.fq.gz
B1_R1_P3_D12	indelPCR	clone5	LBR2	5927_BarcodePool_GAGCTGAA_B1_R1_P3_D12.fq.gz
B1_R1_P4_D12	indelPCR	clone5	LBR2	5927_BarcodePool_GAGCTGAA_B1_R1_P4_D12.fq.gz
B1_R1_P5_D12	indelPCR	clone5	LBR2	5927_BarcodePool_GAGCTGAA_B1_R1_P5_D12.fq.gz
B1_R1_P6_D12	indelPCR	clone5	LBR2	5927_BarcodePool_GAGCTGAA_B1_R1_P6_D12.fq.gz
B1_R1_P7_D12	indelPCR	clone5	LBR2	5927_BarcodePool_GAGCTGAA_B1_R1_P7_D12.fq.gz
B2_R1_P4_D12	indelPCR	clone5	LBR2	5927_BarcodePool_GAGCTGAA_B2_R1_P4_D12.fq.gz
B1_R1_P1_H10	indelPCR	clone5	LBR2	5927_BarcodePool_GAGTTAGC_B1_R1_P1_H10.fq.gz
B1_R1_P2_H10	indelPCR	clone5	LBR2	5927_BarcodePool_GAGTTAGC_B1_R1_P2_H10.fq.gz
B1_R1_P3_H10	indelPCR	clone5	LBR2	5927_BarcodePool_GAGTTAGC_B1_R1_P3_H10.fq.gz
B1_R1_P4_H10	indelPCR	clone5	LBR2	5927_BarcodePool_GAGTTAGC_B1_R1_P4_H10.fq.gz
B1_R1_P5_H10	indelPCR	clone5	LBR2	5927_BarcodePool_GAGTTAGC_B1_R1_P5_H10.fq.gz
B1_R1_P6_H10	indelPCR	clone5	LBR2	5927_BarcodePool_GAGTTAGC_B1_R1_P6_H10.fq.gz
B1_R1_P7_H10	indelPCR	clone5	LBR2	5927_BarcodePool_GAGTTAGC_B1_R1_P7_H10.fq.gz
B2_R1_P4_H10	indelPCR	clone5	LBR2	5927_BarcodePool_GAGTTAGC_B2_R1_P4_H10.fq.gz
B2_R3_P4_H10	indelPCR	clone5	LBR2	5927_BarcodePool_GAGTTAGC_B2_R3_P4_H10.fq.gz
B1_R1_P1_E1	indelPCR	clone5	LBR2	5927_BarcodePool_GATAGACA_B1_R1_P1_E1.fq.gz
B1_R1_P2_E1	indelPCR	clone5	LBR2	5927_BarcodePool_GATAGACA_B1_R1_P2_E1.fq.gz
B1_R1_P3_E1	indelPCR	clone5	LBR2	5927_BarcodePool_GATAGACA_B1_R1_P3_E1.fq.gz
B1_R1_P4_E1	indelPCR	clone5	LBR2	5927_BarcodePool_GATAGACA_B1_R1_P4_E1.fq.gz
B1_R1_P5_E1	indelPCR	clone5	LBR2	5927_BarcodePool_GATAGACA_B1_R1_P5_E1.fq.gz
B1_R1_P6_E1	indelPCR	clone5	LBR2	5927_BarcodePool_GATAGACA_B1_R1_P6_E1.fq.gz
B1_R1_P7_E1	indelPCR	clone5	LBR2	5927_BarcodePool_GATAGACA_B1_R1_P7_E1.fq.gz
B2_R1_P4_E1	indelPCR	clone5	LBR2	5927_BarcodePool_GATAGACA_B2_R1_P4_E1.fq.gz
B2_R3_P4_E1	indelPCR	clone5	LBR2	5927_BarcodePool_GATAGACA_B2_R3_P4_E1.fq.gz
B1_R1_P1_H11	indelPCR	clone5	LBR2	5927_BarcodePool_GATGAATC_B1_R1_P1_H11.fq.gz
B1_R1_P2_H11	indelPCR	clone5	LBR2	5927_BarcodePool_GATGAATC_B1_R1_P2_H11.fq.gz
B1_R1_P3_H11	indelPCR	clone5	LBR2	5927_BarcodePool_GATGAATC_B1_R1_P3_H11.fq.gz
B1_R1_P4_H11	indelPCR	clone5	LBR2	5927_BarcodePool_GATGAATC_B1_R1_P4_H11.fq.gz
B1_R1_P5_H11	indelPCR	clone5	LBR2	5927_BarcodePool_GATGAATC_B1_R1_P5_H11.fq.gz
B1_R1_P6_H11	indelPCR	clone5	LBR2	5927_BarcodePool_GATGAATC_B1_R1_P6_H11.fq.gz
B1_R1_P7_H11	indelPCR	clone5	LBR2	5927_BarcodePool_GATGAATC_B1_R1_P7_H11.fq.gz
B2_R1_P4_H11	indelPCR	clone5	LBR2	5927_BarcodePool_GATGAATC_B2_R1_P4_H11.fq.gz
B2_R3_P4_H11	indelPCR	clone5	LBR2	5927_BarcodePool_GATGAATC_B2_R3_P4_H11.fq.gz
B1_R1_P1_H12	indelPCR	clone5	LBR2	5927_BarcodePool_GCCAAGAC_B1_R1_P1_H12.fq.gz
B1_R1_P2_H12	indelPCR	clone5	LBR2	5927_BarcodePool_GCCAAGAC_B1_R1_P2_H12.fq.gz
B1_R1_P3_H12	indelPCR	clone5	LBR2	5927_BarcodePool_GCCAAGAC_B1_R1_P3_H12.fq.gz
B1_R1_P4_H12	indelPCR	clone5	LBR2	5927_BarcodePool_GCCAAGAC_B1_R1_P4_H12.fq.gz
B1_R1_P5_H12	indelPCR	clone5	LBR2	5927_BarcodePool_GCCAAGAC_B1_R1_P5_H12.fq.gz
B1_R1_P6_H12	indelPCR	clone5	LBR2	5927_BarcodePool_GCCAAGAC_B1_R1_P6_H12.fq.gz
B1_R1_P7_H12	indelPCR	clone5	LBR2	5927_BarcodePool_GCCAAGAC_B1_R1_P7_H12.fq.gz
B2_R1_P4_H12	indelPCR	clone5	LBR2	5927_BarcodePool_GCCAAGAC_B2_R1_P4_H12.fq.gz
B1_R1_P1_E2	indelPCR	clone5	LBR2	5927_BarcodePool_GCCACATA_B1_R1_P1_E2.fq.gz
B1_R1_P2_E2	indelPCR	clone5	LBR2	5927_BarcodePool_GCCACATA_B1_R1_P2_E2.fq.gz
B1_R1_P3_E2	indelPCR	clone5	LBR2	5927_BarcodePool_GCCACATA_B1_R1_P3_E2.fq.gz
B1_R1_P4_E2	indelPCR	clone5	LBR2	5927_BarcodePool_GCCACATA_B1_R1_P4_E2.fq.gz
B1_R1_P5_E2	indelPCR	clone5	LBR2	5927_BarcodePool_GCCACATA_B1_R1_P5_E2.fq.gz
B1_R1_P6_E2	indelPCR	clone5	LBR2	5927_BarcodePool_GCCACATA_B1_R1_P6_E2.fq.gz
B1_R1_P7_E2	indelPCR	clone5	LBR2	5927_BarcodePool_GCCACATA_B1_R1_P7_E2.fq.gz
B2_R1_P4_E2	indelPCR	clone5	LBR2	5927_BarcodePool_GCCACATA_B2_R1_P4_E2.fq.gz
B1_R1_P1_E3	indelPCR	clone5	LBR2	5927_BarcodePool_GCGAGTAA_B1_R1_P1_E3.fq.gz
B1_R1_P2_E3	indelPCR	clone5	LBR2	5927_BarcodePool_GCGAGTAA_B1_R1_P2_E3.fq.gz
B1_R1_P3_E3	indelPCR	clone5	LBR2	5927_BarcodePool_GCGAGTAA_B1_R1_P3_E3.fq.gz
B1_R1_P4_E3	indelPCR	clone5	LBR2	5927_BarcodePool_GCGAGTAA_B1_R1_P4_E3.fq.gz
B1_R1_P5_E3	indelPCR	clone5	LBR2	5927_BarcodePool_GCGAGTAA_B1_R1_P5_E3.fq.gz
B1_R1_P6_E3	indelPCR	clone5	LBR2	5927_BarcodePool_GCGAGTAA_B1_R1_P6_E3.fq.gz
B1_R1_P7_E3	indelPCR	clone5	LBR2	5927_BarcodePool_GCGAGTAA_B1_R1_P7_E3.fq.gz
B2_R1_P4_E3	indelPCR	clone5	LBR2	5927_BarcodePool_GCGAGTAA_B2_R1_P4_E3.fq.gz
B2_R3_P4_E3	indelPCR	clone5	LBR2	5927_BarcodePool_GCGAGTAA_B2_R3_P4_E3.fq.gz
B1_R1_P1_E4	indelPCR	clone5	LBR2	5927_BarcodePool_GCTAACGA_B1_R1_P1_E4.fq.gz
B1_R1_P2_E4	indelPCR	clone5	LBR2	5927_BarcodePool_GCTAACGA_B1_R1_P2_E4.fq.gz
B1_R1_P3_E4	indelPCR	clone5	LBR2	5927_BarcodePool_GCTAACGA_B1_R1_P3_E4.fq.gz
B1_R1_P4_E4	indelPCR	clone5	LBR2	5927_BarcodePool_GCTAACGA_B1_R1_P4_E4.fq.gz
B1_R1_P6_E4	indelPCR	clone5	LBR2	5927_BarcodePool_GCTAACGA_B1_R1_P6_E4.fq.gz
B1_R1_P7_E4	indelPCR	clone5	LBR2	5927_BarcodePool_GCTAACGA_B1_R1_P7_E4.fq.gz
B2_R1_P4_E4	indelPCR	clone5	LBR2	5927_BarcodePool_GCTAACGA_B2_R1_P4_E4.fq.gz
B2_R3_P4_E4	indelPCR	clone5	LBR2	5927_BarcodePool_GCTAACGA_B2_R3_P4_E4.fq.gz
B1_R1_P1_E5	indelPCR	clone5	LBR2	5927_BarcodePool_GCTCGGTA_B1_R1_P1_E5.fq.gz
B1_R1_P2_E5	indelPCR	clone5	LBR2	5927_BarcodePool_GCTCGGTA_B1_R1_P2_E5.fq.gz
B1_R1_P3_E5	indelPCR	clone5	LBR2	5927_BarcodePool_GCTCGGTA_B1_R1_P3_E5.fq.gz
B1_R1_P4_E5	indelPCR	clone5	LBR2	5927_BarcodePool_GCTCGGTA_B1_R1_P4_E5.fq.gz
B1_R1_P5_E5	indelPCR	clone5	LBR2	5927_BarcodePool_GCTCGGTA_B1_R1_P5_E5.fq.gz
B1_R1_P6_E5	indelPCR	clone5	LBR2	5927_BarcodePool_GCTCGGTA_B1_R1_P6_E5.fq.gz
B1_R1_P7_E5	indelPCR	clone5	LBR2	5927_BarcodePool_GCTCGGTA_B1_R1_P7_E5.fq.gz
B2_R1_P4_E5	indelPCR	clone5	LBR2	5927_BarcodePool_GCTCGGTA_B2_R1_P4_E5.fq.gz
B2_R3_P4_E5	indelPCR	clone5	LBR2	5927_BarcodePool_GCTCGGTA_B2_R3_P4_E5.fq.gz
B1_R1_P1_E6	indelPCR	clone5	LBR2	5927_BarcodePool_GGAGAACA_B1_R1_P1_E6.fq.gz
B1_R1_P2_E6	indelPCR	clone5	LBR2	5927_BarcodePool_GGAGAACA_B1_R1_P2_E6.fq.gz
B1_R1_P3_E6	indelPCR	clone5	LBR2	5927_BarcodePool_GGAGAACA_B1_R1_P3_E6.fq.gz
B1_R1_P4_E6	indelPCR	clone5	LBR2	5927_BarcodePool_GGAGAACA_B1_R1_P4_E6.fq.gz
B1_R1_P5_E6	indelPCR	clone5	LBR2	5927_BarcodePool_GGAGAACA_B1_R1_P5_E6.fq.gz
B1_R1_P6_E6	indelPCR	clone5	LBR2	5927_BarcodePool_GGAGAACA_B1_R1_P6_E6.fq.gz
B1_R1_P7_E6	indelPCR	clone5	LBR2	5927_BarcodePool_GGAGAACA_B1_R1_P7_E6.fq.gz
B2_R1_P4_E6	indelPCR	clone5	LBR2	5927_BarcodePool_GGAGAACA_B2_R1_P4_E6.fq.gz
B2_R3_P4_E6	indelPCR	clone5	LBR2	5927_BarcodePool_GGAGAACA_B2_R3_P4_E6.fq.gz
B1_R1_P1_E7	indelPCR	clone5	LBR2	5927_BarcodePool_GGTGCGAA_B1_R1_P1_E7.fq.gz
B1_R1_P2_E7	indelPCR	clone5	LBR2	5927_BarcodePool_GGTGCGAA_B1_R1_P2_E7.fq.gz
B1_R1_P3_E7	indelPCR	clone5	LBR2	5927_BarcodePool_GGTGCGAA_B1_R1_P3_E7.fq.gz
B1_R1_P4_E7	indelPCR	clone5	LBR2	5927_BarcodePool_GGTGCGAA_B1_R1_P4_E7.fq.gz
B1_R1_P5_E7	indelPCR	clone5	LBR2	5927_BarcodePool_GGTGCGAA_B1_R1_P5_E7.fq.gz
B1_R1_P6_E7	indelPCR	clone5	LBR2	5927_BarcodePool_GGTGCGAA_B1_R1_P6_E7.fq.gz
B1_R1_P7_E7	indelPCR	clone5	LBR2	5927_BarcodePool_GGTGCGAA_B1_R1_P7_E7.fq.gz
B2_R1_P4_E7	indelPCR	clone5	LBR2	5927_BarcodePool_GGTGCGAA_B2_R1_P4_E7.fq.gz
B2_R3_P4_E7	indelPCR	clone5	LBR2	5927_BarcodePool_GGTGCGAA_B2_R3_P4_E7.fq.gz
B1_R1_P1_E8	indelPCR	clone5	LBR2	5927_BarcodePool_GTACGCAA_B1_R1_P1_E8.fq.gz
B1_R1_P2_E8	indelPCR	clone5	LBR2	5927_BarcodePool_GTACGCAA_B1_R1_P2_E8.fq.gz
B1_R1_P3_E8	indelPCR	clone5	LBR2	5927_BarcodePool_GTACGCAA_B1_R1_P3_E8.fq.gz
B1_R1_P4_E8	indelPCR	clone5	LBR2	5927_BarcodePool_GTACGCAA_B1_R1_P4_E8.fq.gz
B1_R1_P5_E8	indelPCR	clone5	LBR2	5927_BarcodePool_GTACGCAA_B1_R1_P5_E8.fq.gz
B1_R1_P6_E8	indelPCR	clone5	LBR2	5927_BarcodePool_GTACGCAA_B1_R1_P6_E8.fq.gz
B1_R1_P7_E8	indelPCR	clone5	LBR2	5927_BarcodePool_GTACGCAA_B1_R1_P7_E8.fq.gz
B2_R1_P4_E8	indelPCR	clone5	LBR2	5927_BarcodePool_GTACGCAA_B2_R1_P4_E8.fq.gz
B2_R3_P4_E8	indelPCR	clone5	LBR2	5927_BarcodePool_GTACGCAA_B2_R3_P4_E8.fq.gz
B1_R1_P1_E9	indelPCR	clone5	LBR2	5927_BarcodePool_GTCGTAGA_B1_R1_P1_E9.fq.gz
B1_R1_P2_E9	indelPCR	clone5	LBR2	5927_BarcodePool_GTCGTAGA_B1_R1_P2_E9.fq.gz
B1_R1_P3_E9	indelPCR	clone5	LBR2	5927_BarcodePool_GTCGTAGA_B1_R1_P3_E9.fq.gz
B1_R1_P4_E9	indelPCR	clone5	LBR2	5927_BarcodePool_GTCGTAGA_B1_R1_P4_E9.fq.gz
B1_R1_P5_E9	indelPCR	clone5	LBR2	5927_BarcodePool_GTCGTAGA_B1_R1_P5_E9.fq.gz
B1_R1_P6_E9	indelPCR	clone5	LBR2	5927_BarcodePool_GTCGTAGA_B1_R1_P6_E9.fq.gz
B2_R1_P4_E9	indelPCR	clone5	LBR2	5927_BarcodePool_GTCGTAGA_B2_R1_P4_E9.fq.gz
B1_R1_P1_E10	indelPCR	clone5	LBR2	5927_BarcodePool_GTCTGTCA_B1_R1_P1_E10.fq.gz
B1_R1_P2_E10	indelPCR	clone5	LBR2	5927_BarcodePool_GTCTGTCA_B1_R1_P2_E10.fq.gz
B1_R1_P3_E10	indelPCR	clone5	LBR2	5927_BarcodePool_GTCTGTCA_B1_R1_P3_E10.fq.gz
B1_R1_P4_E10	indelPCR	clone5	LBR2	5927_BarcodePool_GTCTGTCA_B1_R1_P4_E10.fq.gz
B1_R1_P5_E10	indelPCR	clone5	LBR2	5927_BarcodePool_GTCTGTCA_B1_R1_P5_E10.fq.gz
B1_R1_P6_E10	indelPCR	clone5	LBR2	5927_BarcodePool_GTCTGTCA_B1_R1_P6_E10.fq.gz
B1_R1_P7_E10	indelPCR	clone5	LBR2	5927_BarcodePool_GTCTGTCA_B1_R1_P7_E10.fq.gz
B2_R1_P4_E10	indelPCR	clone5	LBR2	5927_BarcodePool_GTCTGTCA_B2_R1_P4_E10.fq.gz
B2_R3_P4_E10	indelPCR	clone5	LBR2	5927_BarcodePool_GTCTGTCA_B2_R3_P4_E10.fq.gz
B1_R1_P1_E11	indelPCR	clone5	LBR2	5927_BarcodePool_GTGTTCTA_B1_R1_P1_E11.fq.gz
B1_R1_P2_E11	indelPCR	clone5	LBR2	5927_BarcodePool_GTGTTCTA_B1_R1_P2_E11.fq.gz
B1_R1_P3_E11	indelPCR	clone5	LBR2	5927_BarcodePool_GTGTTCTA_B1_R1_P3_E11.fq.gz
B1_R1_P4_E11	indelPCR	clone5	LBR2	5927_BarcodePool_GTGTTCTA_B1_R1_P4_E11.fq.gz
B1_R1_P5_E11	indelPCR	clone5	LBR2	5927_BarcodePool_GTGTTCTA_B1_R1_P5_E11.fq.gz
B1_R1_P6_E11	indelPCR	clone5	LBR2	5927_BarcodePool_GTGTTCTA_B1_R1_P6_E11.fq.gz
B1_R1_P7_E11	indelPCR	clone5	LBR2	5927_BarcodePool_GTGTTCTA_B1_R1_P7_E11.fq.gz
B2_R3_P4_E11	indelPCR	clone5	LBR2	5927_BarcodePool_GTGTTCTA_B2_R3_P4_E11.fq.gz
B1_R1_P1_E12	indelPCR	clone5	LBR2	5927_BarcodePool_TAGGATGA_B1_R1_P1_E12.fq.gz
B1_R1_P2_E12	indelPCR	clone5	LBR2	5927_BarcodePool_TAGGATGA_B1_R1_P2_E12.fq.gz
B1_R1_P3_E12	indelPCR	clone5	LBR2	5927_BarcodePool_TAGGATGA_B1_R1_P3_E12.fq.gz
B1_R1_P4_E12	indelPCR	clone5	LBR2	5927_BarcodePool_TAGGATGA_B1_R1_P4_E12.fq.gz
B1_R1_P5_E12	indelPCR	clone5	LBR2	5927_BarcodePool_TAGGATGA_B1_R1_P5_E12.fq.gz
B1_R1_P6_E12	indelPCR	clone5	LBR2	5927_BarcodePool_TAGGATGA_B1_R1_P6_E12.fq.gz
B1_R1_P7_E12	indelPCR	clone5	LBR2	5927_BarcodePool_TAGGATGA_B1_R1_P7_E12.fq.gz
B2_R1_P4_E12	indelPCR	clone5	LBR2	5927_BarcodePool_TAGGATGA_B2_R1_P4_E12.fq.gz
B1_R1_P1_F1	indelPCR	clone5	LBR2	5927_BarcodePool_TATCAGCA_B1_R1_P1_F1.fq.gz
B1_R1_P2_F1	indelPCR	clone5	LBR2	5927_BarcodePool_TATCAGCA_B1_R1_P2_F1.fq.gz
B1_R1_P3_F1	indelPCR	clone5	LBR2	5927_BarcodePool_TATCAGCA_B1_R1_P3_F1.fq.gz
B1_R1_P4_F1	indelPCR	clone5	LBR2	5927_BarcodePool_TATCAGCA_B1_R1_P4_F1.fq.gz
B1_R1_P5_F1	indelPCR	clone5	LBR2	5927_BarcodePool_TATCAGCA_B1_R1_P5_F1.fq.gz
B1_R1_P6_F1	indelPCR	clone5	LBR2	5927_BarcodePool_TATCAGCA_B1_R1_P6_F1.fq.gz
B1_R1_P7_F1	indelPCR	clone5	LBR2	5927_BarcodePool_TATCAGCA_B1_R1_P7_F1.fq.gz
B2_R1_P4_F1	indelPCR	clone5	LBR2	5927_BarcodePool_TATCAGCA_B2_R1_P4_F1.fq.gz
B1_R1_P1_F2	indelPCR	clone5	LBR2	5927_BarcodePool_TCCGTCTA_B1_R1_P1_F2.fq.gz
B1_R1_P2_F2	indelPCR	clone5	LBR2	5927_BarcodePool_TCCGTCTA_B1_R1_P2_F2.fq.gz
B1_R1_P3_F2	indelPCR	clone5	LBR2	5927_BarcodePool_TCCGTCTA_B1_R1_P3_F2.fq.gz
B1_R1_P4_F2	indelPCR	clone5	LBR2	5927_BarcodePool_TCCGTCTA_B1_R1_P4_F2.fq.gz
B1_R1_P5_F2	indelPCR	clone5	LBR2	5927_BarcodePool_TCCGTCTA_B1_R1_P5_F2.fq.gz
B1_R1_P6_F2	indelPCR	clone5	LBR2	5927_BarcodePool_TCCGTCTA_B1_R1_P6_F2.fq.gz
B1_R1_P7_F2	indelPCR	clone5	LBR2	5927_BarcodePool_TCCGTCTA_B1_R1_P7_F2.fq.gz
B2_R1_P4_F2	indelPCR	clone5	LBR2	5927_BarcodePool_TCCGTCTA_B2_R1_P4_F2.fq.gz
B2_R3_P4_F2	indelPCR	clone5	LBR2	5927_BarcodePool_TCCGTCTA_B2_R3_P4_F2.fq.gz
B1_R1_P1_F3	indelPCR	clone5	LBR2	5927_BarcodePool_TCTTCACA_B1_R1_P1_F3.fq.gz
B1_R1_P2_F3	indelPCR	clone5	LBR2	5927_BarcodePool_TCTTCACA_B1_R1_P2_F3.fq.gz
B1_R1_P4_F3	indelPCR	clone5	LBR2	5927_BarcodePool_TCTTCACA_B1_R1_P4_F3.fq.gz
B1_R1_P5_F3	indelPCR	clone5	LBR2	5927_BarcodePool_TCTTCACA_B1_R1_P5_F3.fq.gz
B1_R1_P6_F3	indelPCR	clone5	LBR2	5927_BarcodePool_TCTTCACA_B1_R1_P6_F3.fq.gz
B1_R1_P7_F3	indelPCR	clone5	LBR2	5927_BarcodePool_TCTTCACA_B1_R1_P7_F3.fq.gz
B2_R1_P4_F3	indelPCR	clone5	LBR2	5927_BarcodePool_TCTTCACA_B2_R1_P4_F3.fq.gz
B2_R3_P4_F3	indelPCR	clone5	LBR2	5927_BarcodePool_TCTTCACA_B2_R3_P4_F3.fq.gz
B1_R1_P1_F4	indelPCR	clone5	LBR2	5927_BarcodePool_TGAAGAGA_B1_R1_P1_F4.fq.gz
B1_R1_P2_F4	indelPCR	clone5	LBR2	5927_BarcodePool_TGAAGAGA_B1_R1_P2_F4.fq.gz
B1_R1_P3_F4	indelPCR	clone5	LBR2	5927_BarcodePool_TGAAGAGA_B1_R1_P3_F4.fq.gz
B1_R1_P4_F4	indelPCR	clone5	LBR2	5927_BarcodePool_TGAAGAGA_B1_R1_P4_F4.fq.gz
B1_R1_P6_F4	indelPCR	clone5	LBR2	5927_BarcodePool_TGAAGAGA_B1_R1_P6_F4.fq.gz
B1_R1_P7_F4	indelPCR	clone5	LBR2	5927_BarcodePool_TGAAGAGA_B1_R1_P7_F4.fq.gz
B2_R1_P4_F4	indelPCR	clone5	LBR2	5927_BarcodePool_TGAAGAGA_B2_R1_P4_F4.fq.gz
B1_R1_P1_F5	indelPCR	clone5	LBR2	5927_BarcodePool_TGGAACAA_B1_R1_P1_F5.fq.gz
B1_R1_P2_F5	indelPCR	clone5	LBR2	5927_BarcodePool_TGGAACAA_B1_R1_P2_F5.fq.gz
B1_R1_P3_F5	indelPCR	clone5	LBR2	5927_BarcodePool_TGGAACAA_B1_R1_P3_F5.fq.gz
B1_R1_P4_F5	indelPCR	clone5	LBR2	5927_BarcodePool_TGGAACAA_B1_R1_P4_F5.fq.gz
B1_R1_P5_F5	indelPCR	clone5	LBR2	5927_BarcodePool_TGGAACAA_B1_R1_P5_F5.fq.gz
B1_R1_P6_F5	indelPCR	clone5	LBR2	5927_BarcodePool_TGGAACAA_B1_R1_P6_F5.fq.gz
B1_R1_P7_F5	indelPCR	clone5	LBR2	5927_BarcodePool_TGGAACAA_B1_R1_P7_F5.fq.gz
B2_R3_P4_F5	indelPCR	clone5	LBR2	5927_BarcodePool_TGGAACAA_B2_R3_P4_F5.fq.gz
B1_R1_P1_F6	indelPCR	clone5	LBR2	5927_BarcodePool_TGGCTTCA_B1_R1_P1_F6.fq.gz
B1_R1_P2_F6	indelPCR	clone5	LBR2	5927_BarcodePool_TGGCTTCA_B1_R1_P2_F6.fq.gz
B1_R1_P3_F6	indelPCR	clone5	LBR2	5927_BarcodePool_TGGCTTCA_B1_R1_P3_F6.fq.gz
B1_R1_P4_F6	indelPCR	clone5	LBR2	5927_BarcodePool_TGGCTTCA_B1_R1_P4_F6.fq.gz
B1_R1_P5_F6	indelPCR	clone5	LBR2	5927_BarcodePool_TGGCTTCA_B1_R1_P5_F6.fq.gz
B1_R1_P6_F6	indelPCR	clone5	LBR2	5927_BarcodePool_TGGCTTCA_B1_R1_P6_F6.fq.gz
B1_R1_P7_F6	indelPCR	clone5	LBR2	5927_BarcodePool_TGGCTTCA_B1_R1_P7_F6.fq.gz
B2_R1_P4_F6	indelPCR	clone5	LBR2	5927_BarcodePool_TGGCTTCA_B2_R1_P4_F6.fq.gz
B2_R3_P4_F6	indelPCR	clone5	LBR2	5927_BarcodePool_TGGCTTCA_B2_R3_P4_F6.fq.gz
B1_R1_P1_F7	indelPCR	clone5	LBR2	5927_BarcodePool_TGGTGGTA_B1_R1_P1_F7.fq.gz
B1_R1_P2_F7	indelPCR	clone5	LBR2	5927_BarcodePool_TGGTGGTA_B1_R1_P2_F7.fq.gz
B1_R1_P3_F7	indelPCR	clone5	LBR2	5927_BarcodePool_TGGTGGTA_B1_R1_P3_F7.fq.gz
B1_R1_P4_F7	indelPCR	clone5	LBR2	5927_BarcodePool_TGGTGGTA_B1_R1_P4_F7.fq.gz
B1_R1_P5_F7	indelPCR	clone5	LBR2	5927_BarcodePool_TGGTGGTA_B1_R1_P5_F7.fq.gz
B1_R1_P6_F7	indelPCR	clone5	LBR2	5927_BarcodePool_TGGTGGTA_B1_R1_P6_F7.fq.gz
B1_R1_P7_F7	indelPCR	clone5	LBR2	5927_BarcodePool_TGGTGGTA_B1_R1_P7_F7.fq.gz
B2_R1_P4_F7	indelPCR	clone5	LBR2	5927_BarcodePool_TGGTGGTA_B2_R1_P4_F7.fq.gz
B2_R3_P4_F7	indelPCR	clone5	LBR2	5927_BarcodePool_TGGTGGTA_B2_R3_P4_F7.fq.gz
B1_R1_P1_F8	indelPCR	clone5	LBR2	5927_BarcodePool_TTCACGCA_B1_R1_P1_F8.fq.gz
B1_R1_P2_F8	indelPCR	clone5	LBR2	5927_BarcodePool_TTCACGCA_B1_R1_P2_F8.fq.gz
B1_R1_P3_F8	indelPCR	clone5	LBR2	5927_BarcodePool_TTCACGCA_B1_R1_P3_F8.fq.gz
B1_R1_P4_F8	indelPCR	clone5	LBR2	5927_BarcodePool_TTCACGCA_B1_R1_P4_F8.fq.gz
B1_R1_P5_F8	indelPCR	clone5	LBR2	5927_BarcodePool_TTCACGCA_B1_R1_P5_F8.fq.gz
B1_R1_P6_F8	indelPCR	clone5	LBR2	5927_BarcodePool_TTCACGCA_B1_R1_P6_F8.fq.gz
B1_R1_P7_F8	indelPCR	clone5	LBR2	5927_BarcodePool_TTCACGCA_B1_R1_P7_F8.fq.gz
B2_R1_P4_F8	indelPCR	clone5	LBR2	5927_BarcodePool_TTCACGCA_B2_R1_P4_F8.fq.gz
B2_R3_P4_F8	indelPCR	clone5	LBR2	5927_BarcodePool_TTCACGCA_B2_R3_P4_F8.fq.gz
